id,NRIC,Type,Subtype,Therapist,Date Diagnosed
1,S8667408P,Physical,Haemorrhoids,S1361500H,29-01-1995
2,S5813103X,Mental,Schizophrenia,S1483342G,04-10-2010
3,S9208481V,Chronic,Heart Disease,S5119711C,03-12-1998
4,S3470107P,Mental,Schizophrenia,S5633830K,24-10-2012
5,S4821364J,Physical,Gout,S2526745K,10-08-1994
6,S8317441X,Mental,Panic Attack,S1483342G,22-10-2010
7,S2766949Q,Chronic,Diabetes,S4004274M,29-09-2003
8,S8528067K,Physical,Cataracts,S1361500H,04-12-2014
9,S4959927M,Common,Cold,S1483342G,09-06-2004
10,S6093408T,Chronic,Heart Disease,S5119711C,23-10-1996
11,S1395070L,Common,Headaches & Migraines,S5119711C,23-11-2007
12,S1002874L,Mental,Schizophrenia,S5633830K,18-04-2009
13,S4464666C,Physical,Haemorrhoids,S6505514W,23-05-2006
14,S8590328I,Mental,Depression,S4004274M,24-10-1984
15,S6717881U,Chronic,Stroke,S7854499W,29-11-2003
16,S9253049P,Mental,Schizophrenia,S6505514W,04-08-2002
17,S3748968A,Mental,Eating Disorders,S2526745K,18-11-2016
18,S3469880K,Common,Cold,S6336826K,05-02-2000
19,S1113420L,Mental,Depression,S6505514W,01-06-1988
20,S2731758V,Physical,Bronchitis,S1361500H,29-01-2000
21,S1469889Q,Common,Headaches & Migraines,S5633830K,01-09-1991
22,S5517253G,Mental,Panic Attack,S1483342G,28-03-2001
23,S5872730E,Mental,Eating Disorders,S1483342G,25-01-1998
24,S3632347D,Physical,Urinary,S5633830K,10-07-2007
25,S5727140L,Physical,Urinary,S1483342G,16-10-1984
26,S6318938W,Mental,Eating Disorders,S1483342G,26-04-2008
27,S1660863F,Chronic,Cancer,S5119711C,24-02-1984
28,S3500541Q,Physical,Cataracts,S5119711C,18-10-2008
29,S9888909V,Mental,Eating Disorders,S2526745K,26-11-1994
30,S7133907P,Common,Headaches & Migraines,S6336826K,10-03-1999
31,S7087806O,Chronic,Asthma,S1361500H,16-07-1997
32,S2449583J,Mental,Obsessive-Compulsive Disorder,S4004274M,01-03-2013
33,S7616883V,Common,Cold,S2526745K,23-07-2005
34,S8483323Y,Mental,Panic Attack,S5119711C,26-07-1982
35,S7739540U,Mental,Obsessive-Compulsive Disorder,S7854499W,15-07-2006
36,S8556112N,Mental,Schizophrenia,S4004274M,01-05-1980
37,S8821204Q,Physical,Backpain,S5119711C,20-03-1992
38,S9574027G,Common,Headaches & Migraines,S5633830K,11-07-2007
39,S2260721E,Common,Allergy,S5119711C,19-02-2011
40,S6839984K,Mental,Schizophrenia,S5119711C,16-06-2013
41,S6785868O,Common,Headaches & Migraines,S5633830K,07-10-1985
42,S4980626L,Mental,Obsessive-Compulsive Disorder,S3623914K,29-09-2001
43,S6721992I,Common,Headaches & Migraines,S6336826K,27-12-1980
44,S8249906R,Physical,Bronchitis,S2526745K,25-01-1980
45,S6252443F,Physical,Backpain,S4004274M,01-10-2009
46,S3819981F,Mental,Depression,S1361500H,27-12-1998
47,S3023538V,Mental,Panic Attack,S5119711C,01-12-1993
48,S8424321Z,Mental,Panic Attack,S1361500H,30-09-2010
49,S3877006D,Common,Cold,S3623914K,23-08-2003
50,S9648573S,Mental,Schizophrenia,S6505514W,16-04-1996
51,S4479630V,Chronic,Heart Disease,S6505514W,22-12-2003
52,S3654759E,Chronic,Asthma,S6505514W,12-01-1980
53,S8131459M,Physical,Backpain,S5119711C,20-08-1984
54,S8547853L,Physical,Chickenpox,S4004274M,04-08-1991
55,S1580029F,Chronic,Hypertension,S5633830K,20-04-1994
56,S8897061R,Mental,Panic Attack,S1483342G,15-08-2008
57,S1555162S,Common,Cold,S1483342G,25-11-1982
58,S8274053F,Mental,Obsessive-Compulsive Disorder,S1483342G,07-07-2009
59,S6164363G,Common,Allergy,S1361500H,17-02-2003
60,S2225716Z,Common,Allergy,S7854499W,05-01-2008
61,S4748479T,Physical,Urinary,S6336826K,11-08-1995
62,S1025871I,Common,Allergy,S5633830K,20-07-1993
63,S3536986X,Chronic,Hypertension,S7854499W,06-07-1992
64,S3201012B,Chronic,Asthma,S5119711C,15-08-2001
65,S6382548X,Chronic,Blood Cholesterol,S5633830K,30-03-2000
66,S7256244R,Common,Headaches & Migraines,S6505514W,25-11-2017
67,S4759733S,Mental,Depression,S1483342G,21-09-1985
68,S4075788W,Common,Cold,S6505514W,19-10-2011
69,S4923205E,Common,Headaches & Migraines,S1361500H,12-09-2011
70,S3233842F,Mental,Schizophrenia,S3623914K,02-04-1984
71,S1217590Y,Chronic,Hypertension,S1361500H,13-09-1986
72,S5650232O,Common,Headaches & Migraines,S1361500H,01-05-1997
73,S7624747K,Chronic,Diabetes,S6336826K,17-06-2000
74,S4881532P,Physical,Urinary,S2526745K,28-03-1989
75,S8923095F,Mental,Schizophrenia,S1483342G,29-06-2002
76,S6795540Y,Chronic,Hypertension,S6336826K,28-06-1986
77,S3679545Z,Mental,Depression,S1361500H,20-08-1984
78,S6921484I,Mental,Eating Disorders,S2526745K,06-10-1991
79,S4731299N,Common,Headaches & Migraines,S3623914K,07-01-2013
80,S8729984J,Chronic,Cancer,S3623914K,31-05-1989
81,S5287620P,Physical,Caries,S1483342G,23-01-2010
82,S7917587D,Chronic,Cancer,S5119711C,16-04-2010
83,S2373924N,Mental,Panic Attack,S5633830K,07-04-1982
84,S5702021D,Physical,Caries,S4004274M,29-11-2011
85,S6610110O,Mental,Depression,S3623914K,24-01-2007
86,S2761085F,Chronic,Heart Disease,S5633830K,06-04-1999
87,S2223096T,Physical,Cataracts,S5633830K,14-01-1991
88,S4980626L,Mental,Panic Attack,S6505514W,24-09-1990
89,S5352330R,Common,Allergy,S2526745K,16-02-2016
90,S5715879M,Common,Headaches & Migraines,S7854499W,02-01-1990
91,S7337461K,Common,Cold,S1483342G,20-02-2012
92,S2040568B,Mental,Schizophrenia,S1361500H,23-06-2018
93,S8754905J,Common,Headaches & Migraines,S7854499W,07-12-1987
94,S3522801O,Physical,Haemorrhoids,S2526745K,29-10-1983
95,S4505680Z,Common,Allergy,S1361500H,26-02-1997
96,S2198863C,Common,Headaches & Migraines,S4004274M,28-09-2003
97,S6631686D,Common,Allergy,S5119711C,29-11-1995
98,S1691197D,Physical,Caries,S7854499W,25-10-2005
99,S8754540Z,Mental,Panic Attack,S4004274M,30-01-1990
100,S8099534R,Chronic,Blood Cholesterol,S1483342G,26-11-2016
101,S9869414I,Physical,Urinary,S3623914K,07-08-2006
102,S9485236E,Mental,Schizophrenia,S2526745K,26-07-2012
103,S9817190G,Mental,Eating Disorders,S5119711C,15-03-1994
104,S8447587X,Chronic,Asthma,S4004274M,06-10-1989
105,S1781730G,Common,Headaches & Migraines,S5119711C,22-07-1996
106,S3632347D,Chronic,Hypertension,S5119711C,09-12-1988
107,S8513976F,Mental,Obsessive-Compulsive Disorder,S2526745K,21-09-2008
108,S6938957G,Chronic,Stroke,S4004274M,22-09-1993
109,S9458097Q,Mental,Schizophrenia,S2526745K,22-01-1999
110,S7475491V,Chronic,Blood Cholesterol,S5119711C,11-12-1984
111,S1027699D,Chronic,Stroke,S2526745K,30-06-1994
112,S4104840M,Chronic,Blood Cholesterol,S4004274M,20-11-1980
113,S7074688V,Common,Allergy,S3623914K,06-03-2006
114,S5769421X,Common,Cold,S3623914K,23-09-1982
115,S8416430J,Mental,Obsessive-Compulsive Disorder,S4004274M,21-11-1993
116,S2018627K,Common,Cold,S1483342G,25-01-1995
117,S3598756T,Common,Cold,S1483342G,09-02-1987
118,S1769429E,Chronic,Diabetes,S5119711C,01-10-1995
119,S4157752Y,Mental,Schizophrenia,S4004274M,05-11-1995
120,S7971670R,Common,Allergy,S5633830K,14-05-1987
121,S4351955T,Common,Headaches & Migraines,S6505514W,09-05-1993
122,S3627112D,Mental,Eating Disorders,S4004274M,12-10-2011
123,S4949643A,Physical,Backpain,S1483342G,10-05-2008
124,S9459775O,Mental,Eating Disorders,S6505514W,19-05-1994
125,S1413734Q,Physical,Bronchitis,S5633830K,18-07-1995
126,S5063914P,Common,Headaches & Migraines,S7854499W,10-09-1999
127,S7484587B,Physical,Urinary,S6336826K,28-03-1988
128,S3883837A,Mental,Eating Disorders,S5633830K,13-08-2009
129,S2534486B,Common,Allergy,S5119711C,03-11-1989
130,S4730137I,Mental,Eating Disorders,S5119711C,18-03-2012
131,S8562926F,Common,Cold,S2526745K,15-10-1987
132,S2273322P,Common,Cold,S2526745K,22-07-2004
133,S5346938A,Physical,Chickenpox,S2526745K,13-09-2008
134,S8944124W,Mental,Eating Disorders,S5633830K,09-01-1991
135,S7516837T,Chronic,Heart Disease,S3623914K,23-08-1984
136,S4569307S,Common,Headaches & Migraines,S1361500H,19-09-1994
137,S1852447D,Physical,Urinary,S6336826K,21-12-2011
138,S7624747K,Chronic,Heart Disease,S3623914K,02-08-1986
139,S9628658F,Mental,Obsessive-Compulsive Disorder,S3623914K,25-03-2004
140,S8395005M,Physical,Backpain,S6505514W,27-08-2012
141,S7972496R,Common,Allergy,S4004274M,31-05-1990
142,S2321201A,Physical,Gingivitis,S5633830K,16-05-1991
143,S6319783Z,Chronic,Asthma,S5633830K,10-05-1987
144,S9502710I,Mental,Depression,S2526745K,09-08-2005
145,S1580029F,Mental,Schizophrenia,S4004274M,22-05-2017
146,S7562096Z,Mental,Panic Attack,S7854499W,17-10-2007
147,S7759307X,Chronic,Hypertension,S6505514W,25-01-2014
148,S8923095F,Physical,Gout,S6505514W,25-04-1995
149,S2356252O,Physical,Haemorrhoids,S5119711C,30-05-1999
150,S1941236E,Common,Cold,S3623914K,01-07-1995
151,S1395070L,Chronic,Heart Disease,S5633830K,06-07-1981
152,S5281795N,Common,Allergy,S5633830K,28-03-2006
153,S1313437L,Physical,Caries,S6505514W,04-02-2002
154,S3868334Y,Common,Cold,S6336826K,03-12-1989
155,S4130238T,Mental,Eating Disorders,S2526745K,28-10-1985
156,S8441634F,Common,Cold,S4004274M,04-09-2010
157,S3143969X,Common,Cold,S6505514W,02-08-1999
158,S6902089R,Chronic,Blood Cholesterol,S5633830K,17-07-2012
159,S7278276X,Common,Cold,S7854499W,10-06-2003
160,S1368403S,Common,Cold,S3623914K,27-06-1999
161,S4812672V,Common,Cold,S2526745K,10-04-1988
162,S8242428Q,Mental,Depression,S5633830K,27-06-1985
163,S7278276X,Mental,Obsessive-Compulsive Disorder,S5119711C,17-07-1995
164,S7118797W,Common,Cold,S7854499W,06-09-2012
165,S2265328E,Mental,Panic Attack,S4004274M,09-12-1997
166,S2839757V,Mental,Depression,S5633830K,18-07-2016
167,S2405741U,Common,Cold,S6505514W,03-09-2004
168,S8627355I,Mental,Eating Disorders,S3623914K,27-12-2001
169,S1700230H,Chronic,Stroke,S4004274M,30-06-2013
170,S7624747K,Physical,Urinary,S1483342G,28-09-1998
171,S1137388U,Physical,Gingivitis,S1361500H,07-06-2011
172,S1155701T,Mental,Panic Attack,S5119711C,17-09-1995
173,S8528067K,Physical,Chickenpox,S5633830K,06-04-1997
174,S4295864P,Mental,Obsessive-Compulsive Disorder,S4004274M,28-09-2004
175,S7484962L,Physical,Caries,S7854499W,04-08-2003
176,S3023538V,Common,Cold,S7854499W,29-02-1992
177,S8424321Z,Common,Headaches & Migraines,S1483342G,23-10-2017
178,S9281472A,Mental,Eating Disorders,S1483342G,28-08-1983
179,S3536986X,Physical,Haemorrhoids,S3623914K,15-12-2007
180,S1819124N,Common,Headaches & Migraines,S2526745K,08-03-1983
181,S8882982F,Physical,Chickenpox,S4004274M,02-03-2002
182,S6640132A,Mental,Panic Attack,S3623914K,21-06-1999
183,S8049304U,Common,Headaches & Migraines,S3623914K,15-10-2016
184,S3005533X,Common,Headaches & Migraines,S6505514W,02-06-1987
185,S4903829U,Chronic,Asthma,S3623914K,15-08-1984
186,S6631686D,Chronic,Asthma,S5633830K,10-02-2014
187,S1867030F,Common,Cold,S1483342G,03-03-2006
188,S3700667F,Mental,Schizophrenia,S4004274M,09-04-2006
189,S3218447F,Chronic,Cancer,S1483342G,30-11-2005
190,S9200039Z,Common,Headaches & Migraines,S3623914K,01-05-2009
191,S9874695B,Chronic,Heart Disease,S5119711C,02-05-2015
192,S2506551R,Physical,Gingivitis,S2526745K,20-06-1980
193,S1865195J,Chronic,Hypertension,S5633830K,31-01-2007
194,S1626505U,Chronic,Blood Cholesterol,S4004274M,24-08-1993
195,S3005533X,Chronic,Cancer,S6336826K,15-07-1982
196,S1781730G,Chronic,Hypertension,S6336826K,09-02-2005
197,S1692591D,Common,Headaches & Migraines,S3623914K,03-06-1991
198,S4491696I,Common,Cold,S7854499W,02-01-2012
199,S6417027N,Mental,Panic Attack,S6505514W,05-06-1984
200,S5608895N,Chronic,Stroke,S1483342G,04-02-2016
201,S5608895N,Chronic,Asthma,S1361500H,29-11-1981
202,S6535648R,Mental,Panic Attack,S3623914K,15-08-1982
203,S9038196W,Common,Allergy,S2526745K,27-07-1982
204,S6093408T,Physical,Gingivitis,S6336826K,14-08-2004
205,S2789615A,Common,Cold,S5119711C,11-09-2012
206,S1760554X,Chronic,Blood Cholesterol,S1483342G,22-11-1987
207,S4400519D,Chronic,Heart Disease,S5119711C,03-04-2003
208,S6019912T,Mental,Eating Disorders,S7854499W,04-10-1980
209,S3218447F,Physical,Caries,S2526745K,01-09-1980
210,S2191316U,Common,Cold,S2526745K,06-04-1981
211,S3101050K,Common,Headaches & Migraines,S2526745K,16-04-2009
212,S6993281N,Chronic,Heart Disease,S5119711C,07-05-1984
213,S2814860T,Mental,Depression,S3623914K,16-08-1994
214,S4116801G,Physical,Backpain,S5119711C,03-06-2006
215,S6318938W,Common,Cold,S5119711C,02-05-2010
216,S1404973J,Chronic,Hypertension,S4004274M,12-04-2012
217,S4116179E,Physical,Bronchitis,S5633830K,01-09-1982
218,S2524309O,Physical,Haemorrhoids,S6505514W,09-09-1988
219,S2492414H,Physical,Caries,S3623914K,29-12-1996
220,S3143969X,Chronic,Stroke,S3623914K,30-06-1994
221,S3819981F,Common,Cold,S5119711C,23-04-1985
222,S6099446D,Common,Cold,S5119711C,30-04-2009
223,S4297701F,Chronic,Hypertension,S1483342G,02-12-1985
224,S8847944E,Physical,Gout,S7854499W,15-08-2012
225,S2003956C,Physical,Chickenpox,S5119711C,08-04-2010
226,S7118797W,Common,Headaches & Migraines,S1361500H,21-07-1998
227,S4130238T,Chronic,Heart Disease,S1483342G,14-11-1998
228,S5144111L,Physical,Backpain,S5119711C,06-08-2008
229,S9819005U,Mental,Panic Attack,S6505514W,25-02-1998
230,S3564022P,Physical,Chickenpox,S1483342G,01-08-2018
231,S5307762K,Physical,Caries,S7854499W,22-07-1980
232,S2189890C,Common,Headaches & Migraines,S1483342G,12-06-1981
233,S7524741N,Mental,Obsessive-Compulsive Disorder,S4004274M,15-01-2005
234,S8146454Q,Physical,Gout,S1361500H,09-12-2009
235,S1867030F,Physical,Haemorrhoids,S5119711C,06-08-2014
236,S9778032F,Mental,Depression,S1361500H,28-03-2011
237,S7821476S,Mental,Schizophrenia,S7854499W,24-05-1988
238,S2452407R,Chronic,Hypertension,S3623914K,09-01-2014
239,S6610110O,Physical,Bronchitis,S2526745K,09-05-1981
240,S7032633S,Common,Cold,S5633830K,20-01-1990
241,S6631686D,Physical,Bronchitis,S6505514W,05-03-1998
242,S5704150D,Chronic,Stroke,S4004274M,13-09-1992
243,S5428212L,Common,Cold,S7854499W,03-08-1990
244,S4424024Y,Common,Headaches & Migraines,S1361500H,21-02-1989
245,S9076155B,Physical,Haemorrhoids,S2526745K,02-07-2011
246,S1941236E,Mental,Panic Attack,S5633830K,18-11-2003
247,S3907154N,Common,Headaches & Migraines,S3623914K,05-08-2012
248,S8395005M,Physical,Haemorrhoids,S5633830K,08-01-1991
249,S4122473A,Chronic,Diabetes,S2526745K,17-06-2007
250,S5770438E,Mental,Obsessive-Compulsive Disorder,S1361500H,22-04-2010
251,S9038196W,Common,Cold,S4004274M,06-02-1996
252,S9697298B,Common,Headaches & Migraines,S2526745K,29-09-2002
253,S3469880K,Chronic,Blood Cholesterol,S5633830K,07-09-2010
254,S7357144K,Mental,Depression,S6336826K,13-02-1982
255,S4996796E,Mental,Obsessive-Compulsive Disorder,S5633830K,15-11-1983
256,S2002730C,Common,Cold,S1361500H,07-09-2005
257,S7032633S,Common,Allergy,S7854499W,03-12-1991
258,S4980626L,Common,Headaches & Migraines,S1483342G,30-04-2014
259,S6640132A,Common,Cold,S5633830K,27-01-2017
260,S8051572K,Chronic,Hypertension,S3623914K,02-10-1996
261,S5346938A,Mental,Schizophrenia,S5633830K,17-02-1992
262,S7227770H,Common,Headaches & Migraines,S4004274M,27-07-2016
263,S1002874L,Chronic,Blood Cholesterol,S1483342G,17-09-1981
264,S2329053B,Common,Cold,S2526745K,05-05-2002
265,S4483508N,Physical,Urinary,S1483342G,15-08-1988
266,S4789143S,Mental,Panic Attack,S4004274M,08-06-2013
267,S7032633S,Physical,Caries,S2526745K,22-02-2015
268,S4130238T,Physical,Backpain,S2526745K,22-12-1988
269,S2223096T,Common,Headaches & Migraines,S1483342G,24-02-2007
270,S7739540U,Common,Allergy,S5119711C,06-09-2002
271,S4898497V,Mental,Panic Attack,S6505514W,14-08-2010
272,S9376523G,Chronic,Hypertension,S1361500H,09-05-2002
273,S4116801G,Common,Cold,S7854499W,20-06-2018
274,S1556694G,Common,Headaches & Migraines,S2526745K,04-07-1997
275,S4881532P,Common,Allergy,S1361500H,10-09-1997
276,S3218447F,Chronic,Heart Disease,S7854499W,01-02-1981
277,S1882817X,Common,Allergy,S5633830K,26-07-2018
278,S8106137Q,Chronic,Cancer,S2526745K,23-06-1980
279,S8716588D,Physical,Cataracts,S5119711C,18-04-2017
280,S1298808W,Mental,Schizophrenia,S1361500H,28-07-2014
281,S8098361L,Mental,Depression,S1483342G,28-07-2000
282,S5528988Q,Chronic,Blood Cholesterol,S3623914K,10-01-1998
283,S3016017R,Physical,Cataracts,S2526745K,10-11-2011
284,S7599653J,Chronic,Cancer,S3623914K,17-11-1988
285,S2018627K,Physical,Haemorrhoids,S5633830K,23-02-2017
286,S9039260E,Common,Cold,S6505514W,08-09-2014
287,S4491696I,Physical,Haemorrhoids,S1361500H,01-01-2012
288,S5608895N,Mental,Obsessive-Compulsive Disorder,S2526745K,01-06-1984
289,S3171644V,Common,Cold,S6505514W,23-11-2014
290,S6757774E,Physical,Haemorrhoids,S2526745K,29-03-1996
291,S6606778S,Mental,Eating Disorders,S6336826K,26-03-1992
292,S1066747F,Common,Cold,S4004274M,14-06-2007
293,S9819005U,Chronic,Heart Disease,S5119711C,29-08-2002
294,S6938957G,Physical,Gingivitis,S4004274M,24-08-2004
295,S9820079Z,Common,Cold,S5633830K,29-06-1996
296,S7300264H,Mental,Obsessive-Compulsive Disorder,S1483342G,14-03-1982
297,S6487241Z,Mental,Panic Attack,S4004274M,21-08-2015
298,S2952296N,Mental,Schizophrenia,S1361500H,27-04-2000
299,S8193768E,Common,Cold,S2526745K,09-05-2010
300,S2839757V,Chronic,Stroke,S6336826K,13-01-2001
301,S2438806Y,Common,Headaches & Migraines,S7854499W,26-11-1985
302,S6630182H,Common,Headaches & Migraines,S2526745K,13-03-2004
303,S4075788W,Mental,Panic Attack,S6336826K,16-11-2011
304,S9888517R,Physical,Caries,S5633830K,30-10-1995
305,S8077513T,Physical,Gout,S6505514W,02-04-2001
306,S7659903O,Chronic,Heart Disease,S5633830K,11-09-2002
307,S6677034L,Physical,Gout,S6505514W,20-12-2014
308,S4569307S,Mental,Panic Attack,S5119711C,19-11-1983
309,S7058003Z,Common,Allergy,S3623914K,19-07-1985
310,S7165441K,Chronic,Stroke,S5633830K,03-12-2015
311,S1897131C,Mental,Panic Attack,S1483342G,05-04-1986
312,S7599653J,Common,Cold,S5119711C,13-11-1981
313,S8435454O,Chronic,Asthma,S3623914K,09-02-1985
314,S6623076O,Chronic,Diabetes,S2526745K,23-08-1983
315,S6941030I,Mental,Eating Disorders,S4004274M,08-04-2001
316,S2789615A,Physical,Backpain,S7854499W,24-11-2009
317,S2465331H,Common,Cold,S5633830K,27-04-1999
318,S6185465W,Chronic,Hypertension,S5633830K,30-08-2013
319,S4427301Q,Physical,Chickenpox,S1361500H,14-05-1997
320,S5830513Y,Common,Allergy,S1483342G,26-09-1987
321,S6610110O,Mental,Schizophrenia,S6336826K,04-12-1997
322,S6655947K,Physical,Caries,S1483342G,20-03-1981
323,S5962491M,Physical,Caries,S6336826K,29-03-1993
324,S7352319X,Physical,Bronchitis,S5119711C,14-03-1982
325,S3790300B,Common,Cold,S1483342G,06-12-2006
326,S2259410W,Common,Allergy,S2526745K,11-08-2013
327,S5307762K,Common,Allergy,S4004274M,15-05-1990
328,S4931446Z,Chronic,Hypertension,S3623914K,29-08-1980
329,S1660863F,Common,Allergy,S7854499W,13-01-2017
330,S1320010F,Physical,Gingivitis,S5633830K,20-08-2004
331,S1555162S,Common,Headaches & Migraines,S7854499W,07-05-1991
332,S9279750T,Common,Headaches & Migraines,S7854499W,25-11-2007
333,S2329053B,Physical,Caries,S2526745K,30-04-2002
334,S3550761H,Mental,Eating Disorders,S6505514W,29-01-1992
335,S3564022P,Physical,Cataracts,S3623914K,16-11-2009
336,S1911722I,Chronic,Cancer,S1483342G,06-09-2016
337,S4479630V,Physical,Bronchitis,S1361500H,01-06-1991
338,S8653215K,Common,Cold,S6336826K,10-09-2008
339,S6425083S,Mental,Panic Attack,S6336826K,26-02-1981
340,S5823789B,Chronic,Heart Disease,S1483342G,26-03-1980
341,S1994682P,Common,Allergy,S1483342G,19-08-1983
342,S3883837A,Physical,Haemorrhoids,S3623914K,17-03-1988
343,S3201012B,Physical,Caries,S7854499W,22-09-2014
344,S2280732U,Common,Allergy,S5119711C,07-10-2009
345,S3153347T,Mental,Depression,S5119711C,21-08-2011
346,S3522801O,Chronic,Heart Disease,S5633830K,23-11-1994
347,S6455578R,Mental,Eating Disorders,S1483342G,24-07-1986
348,S2860299X,Physical,Caries,S2526745K,15-09-2017
349,S4427301Q,Common,Cold,S3623914K,01-11-1995
350,S4530487P,Mental,Panic Attack,S5119711C,17-06-1988
351,S3920438V,Chronic,Blood Cholesterol,S3623914K,04-11-1999
352,S3118066P,Physical,Bronchitis,S4004274M,27-05-2016
353,S8754905J,Mental,Eating Disorders,S6336826K,02-10-1999
354,S4972139A,Common,Cold,S7854499W,30-10-1986
355,S4980626L,Common,Cold,S2526745K,13-12-2007
356,S7234427S,Chronic,Blood Cholesterol,S4004274M,01-08-2015
357,S2925972L,Physical,Caries,S4004274M,21-09-1990
358,S4337591T,Mental,Schizophrenia,S5119711C,27-05-2014
359,S2405741U,Common,Headaches & Migraines,S3623914K,05-05-2005
360,S4553724F,Chronic,Cancer,S5633830K,14-01-2003
361,S7524741N,Chronic,Blood Cholesterol,S6336826K,02-10-1983
362,S7830855B,Physical,Caries,S1483342G,18-12-2005
363,S7972496R,Physical,Haemorrhoids,S6336826K,14-07-1987
364,S5569299P,Mental,Schizophrenia,S5119711C,18-10-2010
365,S9662375M,Physical,Urinary,S5119711C,25-01-1985
366,S2492414H,Common,Cold,S5633830K,27-09-2004
367,S4736511T,Mental,Obsessive-Compulsive Disorder,S1361500H,14-12-1999
368,S3665292A,Chronic,Diabetes,S4004274M,09-07-1992
369,S9819005U,Chronic,Hypertension,S2526745K,16-08-1998
370,S6993281N,Chronic,Asthma,S6505514W,10-06-2017
371,S8146454Q,Physical,Urinary,S3623914K,11-05-2018
372,S8189832J,Mental,Eating Disorders,S7854499W,20-06-1980
373,S6861104M,Common,Allergy,S3623914K,06-12-2005
374,S8096783S,Chronic,Hypertension,S1361500H,26-07-1995
375,S4599923A,Common,Headaches & Migraines,S4004274M,08-11-1995
376,S4088765B,Chronic,Blood Cholesterol,S6336826K,27-05-2002
377,S5604488O,Physical,Caries,S1483342G,01-09-1997
378,S9767016V,Chronic,Stroke,S1483342G,06-08-2012
379,S9446691F,Common,Headaches & Migraines,S6505514W,18-07-1997
380,S3525306X,Chronic,Heart Disease,S1361500H,19-02-1987
381,S7559015Q,Chronic,Diabetes,S3623914K,16-05-1993
382,S6285959I,Physical,Chickenpox,S1361500H,17-11-1999
383,S1142277Y,Mental,Schizophrenia,S5633830K,22-09-2004
384,S7484962L,Physical,Chickenpox,S6505514W,23-11-2016
385,S2761085F,Chronic,Heart Disease,S7854499W,14-09-2012
386,S9841011O,Mental,Obsessive-Compulsive Disorder,S3623914K,28-07-1982
387,S2798820I,Chronic,Stroke,S5119711C,12-04-1985
388,S1047837O,Common,Headaches & Migraines,S3623914K,29-12-1980
389,S2770498A,Chronic,Diabetes,S4004274M,03-07-2000
390,S4252628Y,Mental,Obsessive-Compulsive Disorder,S4004274M,29-11-1998
391,S7599653J,Chronic,Diabetes,S2526745K,04-11-1994
392,S9425336C,Chronic,Asthma,S6505514W,09-11-2014
393,S8416430J,Mental,Obsessive-Compulsive Disorder,S6505514W,21-05-2012
394,S3005533X,Mental,Depression,S7854499W,10-12-1996
395,S7516837T,Physical,Urinary,S6505514W,28-01-1992
396,S7278276X,Physical,Bronchitis,S2526745K,05-05-2008
397,S3440164Y,Common,Headaches & Migraines,S7854499W,17-04-2015
398,S4813973D,Common,Headaches & Migraines,S3623914K,04-04-2018
399,S3005533X,Mental,Obsessive-Compulsive Disorder,S6336826K,15-12-1998
400,S6154911V,Common,Cold,S6505514W,06-08-1998
401,S4819537Z,Mental,Obsessive-Compulsive Disorder,S5119711C,16-10-1985
402,S4977862I,Chronic,Heart Disease,S4004274M,28-05-2014
403,S7456583W,Physical,Gout,S6336826K,08-02-1998
404,S9069997H,Common,Cold,S6336826K,30-12-2006
405,S2300778O,Physical,Bronchitis,S5119711C,04-09-1981
406,S9837045B,Mental,Eating Disorders,S2526745K,05-02-2006
407,S7520639A,Chronic,Hypertension,S7854499W,11-09-1992
408,S9353433F,Common,Allergy,S4004274M,11-10-1991
409,S2839757V,Common,Allergy,S7854499W,21-05-2003
410,S3525306X,Physical,Urinary,S4004274M,14-09-2010
411,S8325585W,Physical,Chickenpox,S3623914K,27-02-2000
412,S4367055E,Chronic,Heart Disease,S6336826K,21-08-2007
413,S2394435E,Mental,Panic Attack,S4004274M,02-10-2016
414,S6528238G,Chronic,Stroke,S6505514W,15-01-1986
415,S1259497D,Physical,Gout,S6336826K,26-11-2013
416,S1580029F,Common,Allergy,S4004274M,13-04-2013
417,S2885118D,Common,Headaches & Migraines,S5119711C,15-01-1982
418,S2212231X,Physical,Urinary,S2526745K,30-04-1989
419,S5704150D,Common,Headaches & Migraines,S4004274M,19-02-2002
420,S4759733S,Mental,Eating Disorders,S6505514W,22-11-1995
421,S1644707O,Chronic,Asthma,S3623914K,17-05-2006
422,S5213732E,Mental,Obsessive-Compulsive Disorder,S1483342G,21-05-1988
423,S5702021D,Mental,Depression,S1361500H,09-04-2004
424,S8115510U,Physical,Chickenpox,S1483342G,24-07-2010
425,S5231793R,Mental,Obsessive-Compulsive Disorder,S2526745K,22-04-2000
426,S4883176S,Common,Allergy,S6505514W,20-10-2000
427,S8371935B,Common,Headaches & Migraines,S1483342G,28-11-2016
428,S9485236E,Mental,Eating Disorders,S6505514W,06-11-2005
429,S4122473A,Chronic,Diabetes,S2526745K,07-02-1989
430,S8957407Y,Mental,Panic Attack,S6336826K,28-04-1991
431,S2853894X,Mental,Depression,S5633830K,15-12-1988
432,S2784495R,Chronic,Asthma,S6336826K,05-06-2005
433,S6640132A,Chronic,Stroke,S3623914K,18-01-1987
434,S8435454O,Mental,Depression,S5633830K,11-11-1984
435,S2858412M,Mental,Eating Disorders,S1361500H,24-08-1991
436,S1184649R,Common,Headaches & Migraines,S3623914K,11-04-2011
437,S8946361F,Chronic,Blood Cholesterol,S1483342G,27-09-2014
438,S3828072U,Chronic,Cancer,S1361500H,25-09-1984
439,S1064786R,Physical,Urinary,S5119711C,29-04-2001
440,S6721992I,Chronic,Heart Disease,S3623914K,30-05-2008
441,S2896436Q,Chronic,Asthma,S3623914K,06-02-1989
442,S2555013J,Mental,Depression,S6505514W,22-09-1996
443,S2771472D,Physical,Cataracts,S4004274M,26-10-1986
444,S7559753G,Common,Allergy,S5633830K,07-10-2004
445,S9208481V,Mental,Obsessive-Compulsive Disorder,S6505514W,14-03-1996
446,S7167431V,Chronic,Stroke,S6505514W,05-05-1987
447,S8663634D,Physical,Backpain,S7854499W,07-04-1986
448,S2394435E,Mental,Schizophrenia,S6505514W,21-01-2018
449,S3868334Y,Common,Allergy,S5119711C,19-07-2014
450,S8957407Y,Chronic,Diabetes,S1483342G,05-07-1987
451,S7559753G,Chronic,Blood Cholesterol,S2526745K,11-09-2000
452,S7167431V,Physical,Bronchitis,S5119711C,16-10-1985
453,S5982945W,Physical,Cataracts,S1483342G,18-02-1981
454,S5383555T,Common,Cold,S3623914K,30-11-2005
455,S5911026T,Mental,Eating Disorders,S3623914K,28-07-2015
456,S4284895K,Chronic,Stroke,S5633830K,17-03-2012
457,S2766949Q,Chronic,Blood Cholesterol,S7854499W,27-12-1997
458,S3101050K,Common,Allergy,S2526745K,28-02-1996
459,S6824761N,Mental,Depression,S2526745K,27-11-1994
460,S2291221N,Mental,Eating Disorders,S5119711C,07-06-2008
461,S6291360D,Physical,Cataracts,S3623914K,14-02-1998
462,S8099534R,Physical,Chickenpox,S6336826K,20-12-1990
463,S4534094S,Chronic,Hypertension,S5633830K,29-03-1999
464,S6975096Q,Mental,Eating Disorders,S1361500H,01-11-1981
465,S1481527D,Common,Allergy,S7854499W,21-09-2016
466,S2329053B,Mental,Depression,S4004274M,06-04-1992
467,S7892170K,Physical,Cataracts,S7854499W,01-01-1994
468,S8077513T,Common,Allergy,S1483342G,15-08-1991
469,S5248889C,Chronic,Asthma,S5633830K,09-06-2007
470,S8562926F,Chronic,Blood Cholesterol,S2526745K,27-06-1994
471,S5823789B,Common,Cold,S6336826K,08-05-2018
472,S3828072U,Mental,Obsessive-Compulsive Disorder,S1483342G,11-12-2010
473,S1501823G,Common,Headaches & Migraines,S5633830K,12-02-1996
474,S9697298B,Physical,Cataracts,S6505514W,08-01-1987
475,S6824761N,Common,Cold,S5633830K,03-03-2017
476,S3469880K,Chronic,Blood Cholesterol,S6336826K,21-01-2011
477,S6026284J,Mental,Schizophrenia,S4004274M,10-04-2010
478,S3748968A,Physical,Caries,S4004274M,28-12-2008
479,S5528988Q,Physical,Urinary,S5119711C,29-04-1983
480,S3745954M,Mental,Schizophrenia,S6336826K,20-10-2001
481,S4333744P,Chronic,Cancer,S1483342G,07-03-2004
482,S9376523G,Mental,Panic Attack,S5633830K,07-07-1989
483,S5528988Q,Mental,Schizophrenia,S5119711C,15-04-1984
484,S8754905J,Chronic,Blood Cholesterol,S1483342G,14-05-1991
485,S5085083P,Mental,Schizophrenia,S5633830K,22-06-2016
486,S6470065N,Chronic,Hypertension,S6505514W,27-08-2007
487,S2798820I,Physical,Caries,S5119711C,20-10-2008
488,S1197784I,Physical,Gout,S5633830K,18-02-2005
489,S6630182H,Chronic,Hypertension,S4004274M,19-12-2012
490,S3914156O,Physical,Caries,S2526745K,02-01-2006
491,S8274053F,Mental,Schizophrenia,S1361500H,15-02-2009
492,S9516376B,Common,Allergy,S6505514W,24-06-1985
493,S5724356N,Physical,Backpain,S3623914K,13-03-1990
494,S2401172K,Common,Cold,S7854499W,30-11-1982
495,S2330932N,Chronic,Blood Cholesterol,S6336826K,11-11-1991
496,S3979521Q,Physical,Caries,S2526745K,09-10-2007
497,S5872730E,Physical,Backpain,S2526745K,18-07-2000
498,S3655063L,Mental,Eating Disorders,S1361500H,22-04-1991
499,S9350585J,Physical,Cataracts,S5119711C,13-02-1989
500,S8099534R,Chronic,Blood Cholesterol,S6336826K,08-11-1995
501,S4212840P,Chronic,Asthma,S3623914K,03-09-2000
502,S3550866N,Physical,Chickenpox,S5119711C,27-01-1998
503,S2789615A,Chronic,Hypertension,S1483342G,10-05-2017
504,S6276727U,Mental,Depression,S1483342G,11-01-2005
505,S1760554X,Physical,Haemorrhoids,S4004274M,07-06-1989
506,S5503056A,Chronic,Blood Cholesterol,S7854499W,14-12-1981
507,S1941236E,Mental,Depression,S4004274M,27-12-1988
508,S7524741N,Common,Headaches & Migraines,S1483342G,21-01-1988
509,S6997766X,Mental,Depression,S7854499W,05-08-2001
510,S1878787I,Common,Allergy,S5633830K,10-08-1995
511,S4378176B,Common,Allergy,S7854499W,20-02-2000
512,S2777811G,Physical,Chickenpox,S3623914K,19-11-1984
513,S6432032N,Chronic,Diabetes,S3623914K,07-12-2006
514,S1037263Z,Physical,Haemorrhoids,S1483342G,06-02-1995
515,S2245129Z,Mental,Schizophrenia,S4004274M,10-10-2001
516,S9820079Z,Common,Headaches & Migraines,S2526745K,18-08-2002
517,S2448840B,Common,Headaches & Migraines,S6505514W,21-12-2009
518,S7380271J,Common,Allergy,S1483342G,23-02-2014
519,S9472218B,Mental,Panic Attack,S2526745K,02-05-1991
520,S4274119I,Common,Cold,S2526745K,23-09-1996
521,S4903525U,Mental,Panic Attack,S1483342G,10-09-1980
522,S7304116U,Chronic,Asthma,S6336826K,29-01-2014
523,S8562926F,Physical,Gout,S7854499W,17-10-1989
524,S7133907P,Physical,Gout,S5633830K,02-07-2012
525,S3682928P,Chronic,Asthma,S6505514W,30-09-1999
526,S1800068S,Chronic,Stroke,S1361500H,15-01-2010
527,S3116063A,Physical,Cataracts,S2526745K,11-01-1996
528,S3914289N,Physical,Haemorrhoids,S4004274M,24-10-1998
529,S9547330Q,Chronic,Heart Disease,S1361500H,09-09-2018
530,S4088765B,Chronic,Cancer,S1361500H,18-10-2009
531,S2321201A,Chronic,Stroke,S7854499W,24-08-1998
532,S5686109K,Chronic,Stroke,S7854499W,17-08-2014
533,S6128205K,Mental,Eating Disorders,S2526745K,06-10-1980
534,S8317441X,Mental,Schizophrenia,S5633830K,29-03-1980
535,S5080123M,Mental,Obsessive-Compulsive Disorder,S1361500H,13-04-1990
536,S6630182H,Physical,Urinary,S1483342G,02-10-2017
537,S4252628Y,Common,Cold,S5119711C,06-03-1994
538,S5709010F,Physical,Urinary,S1483342G,02-02-2001
539,S4676526W,Physical,Haemorrhoids,S1483342G,24-07-1983
540,S4684962U,Chronic,Cancer,S6505514W,02-01-1984
541,S5872730E,Physical,Backpain,S3623914K,09-08-1993
542,S3654759E,Physical,Urinary,S2526745K,28-09-1982
543,S6886015L,Chronic,Stroke,S1361500H,14-01-1986
544,S5140138X,Chronic,Hypertension,S1361500H,16-01-2012
545,S1088184S,Physical,Caries,S2526745K,19-01-1994
546,S4995341V,Physical,Bronchitis,S1361500H,11-07-2004
547,S3932127R,Mental,Schizophrenia,S6505514W,17-08-1994
548,S4931446Z,Physical,Haemorrhoids,S3623914K,13-01-2014
549,S4553724F,Common,Allergy,S1483342G,29-04-1996
550,S7943742K,Common,Cold,S5119711C,21-03-2016
551,S8185782X,Common,Cold,S5119711C,11-01-1982
552,S1268082O,Physical,Haemorrhoids,S4004274M,13-08-2014
553,S4419365A,Common,Cold,S5633830K,07-11-2003
554,S4018703W,Mental,Panic Attack,S1483342G,08-07-2016
555,S5461271X,Mental,Schizophrenia,S6505514W,08-08-1980
556,S8435454O,Chronic,Blood Cholesterol,S6505514W,13-09-1982
557,S4167606I,Common,Allergy,S5119711C,28-12-1981
558,S4274119I,Chronic,Stroke,S7854499W,25-01-2004
559,S1011719M,Chronic,Heart Disease,S5119711C,13-02-1992
560,S5403785R,Physical,Gingivitis,S5119711C,24-01-2015
561,S5415049T,Common,Allergy,S1361500H,01-06-1995
562,S6994467S,Common,Allergy,S3623914K,30-04-1983
563,S6793173A,Common,Headaches & Migraines,S4004274M,22-03-1980
564,S8717918Q,Mental,Panic Attack,S5633830K,03-10-2002
565,S5650232O,Common,Allergy,S2526745K,11-01-2007
566,S1027699D,Chronic,Stroke,S4004274M,03-02-1993
567,S8330773Y,Chronic,Heart Disease,S6336826K,03-11-2004
568,S3560315H,Chronic,Diabetes,S1483342G,18-12-2010
569,S8185782X,Physical,Chickenpox,S1483342G,05-07-2011
570,S3487695C,Mental,Eating Disorders,S4004274M,08-05-1999
571,S4881532P,Mental,Schizophrenia,S6505514W,22-01-2010
572,S1691197D,Mental,Schizophrenia,S5119711C,21-02-1986
573,S8483323Y,Chronic,Stroke,S1483342G,02-07-1996
574,S7847480Q,Common,Cold,S6505514W,05-11-1988
575,S2796128O,Mental,Schizophrenia,S6505514W,04-04-2009
576,S6703916G,Mental,Schizophrenia,S6336826K,29-01-2004
577,S8115510U,Physical,Cataracts,S3623914K,20-02-1996
578,S1700230H,Mental,Obsessive-Compulsive Disorder,S6505514W,19-05-1985
579,S2245129Z,Chronic,Stroke,S1361500H,07-06-1986
580,S8754540Z,Common,Cold,S5633830K,26-04-1997
581,S4424024Y,Chronic,Diabetes,S5119711C,09-08-1998
582,S1002874L,Chronic,Cancer,S2526745K,27-09-1988
583,S6626104I,Physical,Bronchitis,S7854499W,13-12-1988
584,S3176657I,Chronic,Cancer,S5119711C,17-02-1992
585,S8520697O,Chronic,Cancer,S5633830K,05-04-2002
586,S4611311L,Chronic,Asthma,S5119711C,28-05-2006
587,S5278313V,Physical,Backpain,S2526745K,30-01-2003
588,S5144111L,Mental,Obsessive-Compulsive Disorder,S2526745K,26-07-2014
589,S7692966K,Mental,Panic Attack,S7854499W,19-05-1998
590,S8483323Y,Common,Allergy,S5119711C,13-02-2001
591,S6418028I,Mental,Obsessive-Compulsive Disorder,S7854499W,20-08-1982
592,S3877006D,Common,Cold,S5633830K,02-12-2016
593,S4883176S,Physical,Haemorrhoids,S6336826K,20-06-1996
594,S7944919P,Common,Allergy,S7854499W,09-05-2015
595,S6039998E,Physical,Cataracts,S5119711C,23-01-2003
596,S9425336C,Chronic,Hypertension,S1361500H,05-06-2011
597,S7616883V,Chronic,Asthma,S1361500H,25-11-2003
598,S1877977C,Physical,Cataracts,S1361500H,19-11-2014
599,S2584674F,Physical,Urinary,S1483342G,07-06-2016
600,S4491696I,Chronic,Blood Cholesterol,S1361500H,18-03-2009
601,S1501693P,Chronic,Blood Cholesterol,S5633830K,20-02-1995
602,S7971670R,Chronic,Stroke,S2526745K,03-10-2002
603,S4676526W,Common,Allergy,S6505514W,30-07-1995
604,S6313245G,Common,Allergy,S5633830K,19-07-2006
605,S9368583H,Physical,Backpain,S4004274M,11-09-1982
606,S2356252O,Common,Headaches & Migraines,S7854499W,29-03-1983
607,S4017666B,Mental,Panic Attack,S5633830K,10-10-1989
608,S5922694D,Physical,Caries,S6505514W,20-03-1997
609,S4730137I,Mental,Obsessive-Compulsive Disorder,S5633830K,17-10-1982
610,S1298808W,Physical,Urinary,S6505514W,10-05-2000
611,S4883176S,Chronic,Asthma,S5119711C,31-07-1996
612,S3023538V,Mental,Panic Attack,S1483342G,15-03-1984
613,S3016017R,Common,Headaches & Migraines,S5119711C,03-03-1991
614,S3034597S,Mental,Obsessive-Compulsive Disorder,S3623914K,23-01-2018
615,S3750576F,Physical,Bronchitis,S6336826K,06-08-1987
616,S7559753G,Chronic,Stroke,S1361500H,25-05-2012
617,S6252443F,Chronic,Stroke,S3623914K,02-09-2015
618,S8520697O,Physical,Bronchitis,S6336826K,19-03-1998
619,S8185782X,Mental,Eating Disorders,S1361500H,15-11-2014
620,S3176657I,Mental,Depression,S2526745K,01-10-1985
621,S3942473O,Common,Cold,S5119711C,17-08-2005
622,S6721992I,Mental,Obsessive-Compulsive Disorder,S7854499W,31-07-2009
623,S8926101S,Chronic,Stroke,S6505514W,02-12-2008
624,S4995341V,Mental,Eating Disorders,S7854499W,13-04-1994
625,S8046870W,Chronic,Cancer,S7854499W,13-02-1985
626,S5644615J,Mental,Panic Attack,S6505514W,06-07-2004
627,S6470065N,Mental,Obsessive-Compulsive Disorder,S6505514W,01-06-2007
628,S5517253G,Mental,Schizophrenia,S4004274M,10-05-2003
629,S9612153O,Chronic,Heart Disease,S7854499W,20-07-1996
630,S3773429W,Chronic,Diabetes,S7854499W,07-02-2018
631,S8847461D,Physical,Cataracts,S1483342G,11-12-1988
632,S7875159X,Mental,Panic Attack,S1483342G,19-01-1980
633,S9038196W,Common,Allergy,S6505514W,14-07-2011
634,S4005763L,Chronic,Cancer,S1361500H,30-06-1981
635,S3584724I,Common,Cold,S3623914K,26-05-2005
636,S3171961T,Mental,Obsessive-Compulsive Disorder,S2526745K,20-09-2009
637,S6917752H,Common,Headaches & Migraines,S6336826K,18-07-2008
638,S4157752Y,Physical,Backpain,S5119711C,15-03-1997
639,S8754905J,Mental,Eating Disorders,S6505514W,06-06-2008
640,S4788672P,Mental,Panic Attack,S6336826K,22-08-2017
641,S9752291E,Mental,Depression,S6505514W,17-01-2002
642,S5040384I,Physical,Caries,S1361500H,25-10-1985
643,S9487437M,Chronic,Asthma,S7854499W,09-05-1999
644,S2894462R,Physical,Gout,S5119711C,03-07-2009
645,S6998592G,Mental,Schizophrenia,S5119711C,31-01-2003
646,S2462506B,Physical,Bronchitis,S3623914K,15-10-1981
647,S8004222Z,Physical,Urinary,S3623914K,26-11-1989
648,S8520040W,Mental,Panic Attack,S2526745K,01-01-1990
649,S7892170K,Common,Allergy,S1361500H,14-03-2000
650,S4881532P,Physical,Caries,S6336826K,18-03-2014
651,S3868334Y,Common,Cold,S6505514W,22-06-1989
652,S7831455Y,Mental,Schizophrenia,S7854499W,12-01-1984
653,S2858412M,Mental,Schizophrenia,S6336826K,17-09-2015
654,S4140290O,Common,Cold,S3623914K,25-11-1992
655,S2716385D,Physical,Backpain,S1483342G,08-01-2002
656,S3171644V,Physical,Caries,S6336826K,18-03-1980
657,S7830855B,Common,Headaches & Migraines,S6505514W,09-11-1994
658,S1413734Q,Chronic,Heart Disease,S5119711C,22-02-2002
659,S6471426H,Mental,Panic Attack,S1483342G,14-05-1981
660,S8591586J,Mental,Eating Disorders,S6505514W,20-05-1998
661,S4337591T,Mental,Schizophrenia,S5119711C,16-01-1996
662,S3486179Q,Common,Headaches & Migraines,S3623914K,22-01-2015
663,S4478656U,Physical,Urinary,S5633830K,22-10-1987
664,S8413552R,Chronic,Cancer,S3623914K,27-12-1999
665,S6099446D,Physical,Cataracts,S1361500H,20-06-2015
666,S9084966W,Common,Cold,S1483342G,10-02-2012
667,S2637542J,Common,Allergy,S5633830K,06-09-2000
668,S5234275Y,Physical,Cataracts,S6505514W,29-12-1995
669,S1069163V,Common,Headaches & Migraines,S2526745K,21-03-1980
670,S4337591T,Mental,Obsessive-Compulsive Disorder,S6505514W,16-08-2011
671,S4424024Y,Chronic,Cancer,S6505514W,03-12-2016
672,S4333744P,Physical,Chickenpox,S1361500H,15-03-2009
673,S6785868O,Physical,Gingivitis,S4004274M,19-05-1981
674,S3179425K,Mental,Panic Attack,S7854499W,17-08-1981
675,S4883176S,Physical,Urinary,S5633830K,10-04-2014
676,S2018627K,Physical,Urinary,S6336826K,24-01-2006
677,S8923095F,Physical,Caries,S5119711C,15-10-1980
678,S5365886C,Common,Headaches & Migraines,S6505514W,09-01-1994
679,S8923095F,Physical,Backpain,S6505514W,07-12-1980
680,S2191316U,Mental,Depression,S2526745K,29-12-2014
681,S9708381S,Mental,Depression,S1483342G,16-11-2011
682,S8664016F,Chronic,Cancer,S4004274M,02-11-2006
683,S8873637T,Physical,Chickenpox,S6505514W,07-10-1980
684,S7300264H,Common,Allergy,S5633830K,10-03-1982
685,S8754540Z,Chronic,Hypertension,S1361500H,02-11-2000
686,S5269386J,Common,Headaches & Migraines,S2526745K,15-07-2018
687,S5727140L,Chronic,Cancer,S2526745K,10-05-1986
688,S8485883U,Chronic,Asthma,S7854499W,10-09-2009
689,S3005533X,Physical,Cataracts,S6336826K,20-08-1997
690,S6553273X,Common,Cold,S5119711C,12-12-2017
691,S1001237R,Physical,Urinary,S4004274M,20-08-1990
692,S9845041U,Chronic,Cancer,S5633830K,14-12-2009
693,S9474272Z,Chronic,Asthma,S6505514W,11-11-1994
694,S4969038O,Chronic,Stroke,S7854499W,10-02-1993
695,S1691197D,Physical,Cataracts,S2526745K,24-11-2003
696,S6471426H,Common,Allergy,S2526745K,06-01-2012
697,S3168843N,Physical,Haemorrhoids,S7854499W,28-01-2015
698,S8739821O,Physical,Caries,S1483342G,28-02-1993
699,S6128205K,Common,Allergy,S2526745K,22-03-1983
700,S1011719M,Common,Cold,S1483342G,25-05-2012
701,S2045486J,Physical,Caries,S1483342G,19-02-1990
702,S5234275Y,Physical,Backpain,S7854499W,22-06-1987
703,S8218925C,Chronic,Asthma,S6505514W,04-05-1996
704,S4611311L,Chronic,Heart Disease,S2526745K,19-08-1985
705,S7831455Y,Physical,Caries,S5119711C,27-09-1986
706,S1800068S,Physical,Urinary,S3623914K,21-09-2005
707,S6998592G,Common,Headaches & Migraines,S6336826K,29-06-1981
708,S2191316U,Mental,Panic Attack,S5633830K,11-05-2004
709,S9648573S,Physical,Cataracts,S3623914K,10-05-1998
710,S5606305X,Chronic,Stroke,S3623914K,22-02-2009
711,S1769429E,Mental,Depression,S1483342G,17-04-2015
712,S2293241W,Common,Headaches & Migraines,S3623914K,12-05-1994
713,S7624747K,Common,Cold,S7854499W,20-06-2007
714,S6552190D,Common,Headaches & Migraines,S2526745K,26-10-1991
715,S2332864N,Common,Cold,S1361500H,26-11-2012
716,S7906874Y,Physical,Bronchitis,S7854499W,24-06-2008
717,S7917587D,Mental,Schizophrenia,S5633830K,26-11-2016
718,S4844032T,Physical,Backpain,S5119711C,20-10-2008
719,S9068435Z,Common,Cold,S1361500H,17-04-1991
720,S2298913K,Physical,Cataracts,S1361500H,28-07-2015
721,S4274119I,Physical,Gout,S2526745K,03-07-2016
722,S5945614M,Chronic,Stroke,S2526745K,07-11-1995
723,S6471426H,Common,Headaches & Migraines,S7854499W,01-08-2011
724,S3932127R,Mental,Panic Attack,S4004274M,24-09-2016
725,S5461271X,Chronic,Hypertension,S7854499W,04-08-2007
726,S2469992Y,Chronic,Diabetes,S5633830K,27-09-1990
727,S2291221N,Common,Headaches & Migraines,S1361500H,18-06-1990
728,S7992401E,Chronic,Blood Cholesterol,S6336826K,17-03-1990
729,S8371935B,Common,Headaches & Migraines,S4004274M,27-01-2018
730,S2291221N,Chronic,Cancer,S2526745K,19-02-2015
731,S3920438V,Mental,Panic Attack,S2526745K,18-05-1987
732,S4122501T,Mental,Depression,S3623914K,25-02-1989
733,S2255290C,Mental,Panic Attack,S1361500H,26-05-2017
734,S7449357N,Chronic,Diabetes,S6336826K,30-10-2017
735,S7475339B,Chronic,Cancer,S1483342G,17-09-2015
736,S8087270C,Physical,Backpain,S2526745K,22-10-1987
737,S4130238T,Physical,Gout,S6336826K,23-11-2012
738,S4515397Y,Physical,Chickenpox,S1361500H,08-03-1996
739,S3819981F,Mental,Obsessive-Compulsive Disorder,S4004274M,20-09-1989
740,S8831513H,Physical,Backpain,S5633830K,17-09-2000
741,S1068623A,Physical,Gingivitis,S3623914K,05-05-1996
742,S2766949Q,Common,Headaches & Migraines,S1483342G,22-03-1998
743,S9143579V,Chronic,Diabetes,S3623914K,16-01-2002
744,S9039260E,Physical,Urinary,S5119711C,11-03-1986
745,S9845041U,Chronic,Blood Cholesterol,S1361500H,22-08-1980
746,S7290784R,Chronic,Asthma,S6505514W,21-09-1983
747,S3474308F,Physical,Urinary,S6336826K,13-04-1994
748,S2332864N,Mental,Depression,S2526745K,23-03-1991
749,S2301006U,Common,Allergy,S7854499W,02-08-1984
750,S7670262F,Mental,Schizophrenia,S3623914K,22-01-2003
751,S9712800N,Common,Allergy,S6336826K,06-10-1990
752,S3654759E,Mental,Obsessive-Compulsive Disorder,S1361500H,15-10-1997
753,S9458097Q,Chronic,Stroke,S6505514W,24-02-1996
754,S5365886C,Physical,Backpain,S3623914K,25-04-1998
755,S5161810Q,Physical,Cataracts,S2526745K,04-01-1998
756,S6152413U,Common,Cold,S7854499W,02-08-2005
757,S2255290C,Mental,Eating Disorders,S1361500H,21-02-2010
758,S5085083P,Chronic,Asthma,S6336826K,20-01-2004
759,S9733251C,Chronic,Stroke,S1483342G,10-04-1985
760,S8847461D,Common,Cold,S2526745K,13-03-1981
761,S9368583H,Chronic,Stroke,S3623914K,22-03-1983
762,S6442193E,Mental,Eating Disorders,S5633830K,06-12-1983
763,S2535465Y,Common,Headaches & Migraines,S5633830K,01-02-2001
764,S2301006U,Common,Headaches & Migraines,S6336826K,23-09-1997
765,S3092897U,Physical,Haemorrhoids,S4004274M,16-08-1993
766,S2449583J,Mental,Panic Attack,S5633830K,08-02-2004
767,S3294588W,Common,Cold,S2526745K,22-09-2013
768,S9780705O,Mental,Eating Disorders,S1361500H,13-03-2012
769,S9487777U,Common,Headaches & Migraines,S5119711C,08-08-1991
770,S9752291E,Common,Cold,S2526745K,28-02-2015
771,S2448840B,Physical,Bronchitis,S1483342G,31-12-1990
772,S4140290O,Mental,Panic Attack,S6505514W,04-07-1998
773,S3223873S,Mental,Schizophrenia,S3623914K,02-11-1988
774,S2255290C,Chronic,Heart Disease,S2526745K,18-02-2013
775,S2405741U,Mental,Obsessive-Compulsive Disorder,S6505514W,16-06-1989
776,S5973648C,Chronic,Stroke,S4004274M,05-10-1985
777,S5922694D,Chronic,Hypertension,S1361500H,14-08-2001
778,S9143579V,Common,Allergy,S6505514W,25-05-2003
779,S3550761H,Common,Allergy,S1483342G,25-09-1983
780,S2040568B,Chronic,Hypertension,S5633830K,01-07-1983
781,S6993281N,Common,Headaches & Migraines,S5119711C,27-10-2017
782,S2862263A,Mental,Depression,S5119711C,22-06-1990
783,S4400519D,Chronic,Heart Disease,S6336826K,30-06-1980
784,S6717881U,Physical,Caries,S5119711C,17-05-2005
785,S6608600Z,Chronic,Diabetes,S1361500H,18-04-1981
786,S5352330R,Mental,Depression,S7854499W,29-08-2016
787,S4534094S,Mental,Panic Attack,S1483342G,10-11-1988
788,S3500541Q,Mental,Obsessive-Compulsive Disorder,S6505514W,18-08-2005
789,S8897061R,Mental,Schizophrenia,S2526745K,17-10-2004
790,S9458097Q,Chronic,Hypertension,S6505514W,14-03-2018
791,S4157752Y,Mental,Eating Disorders,S5119711C,09-07-2017
792,S5348287R,Mental,Panic Attack,S4004274M,17-01-1991
793,S4018703W,Common,Headaches & Migraines,S4004274M,04-12-2004
794,S5234275Y,Physical,Caries,S3623914K,19-04-1992
795,S7111485F,Physical,Haemorrhoids,S1483342G,06-04-2015
796,S8729984J,Chronic,Diabetes,S6336826K,07-11-1985
797,S7516837T,Chronic,Diabetes,S6505514W,11-11-2010
798,S7289788B,Chronic,Diabetes,S5119711C,24-12-1988
799,S2524309O,Physical,Gingivitis,S6505514W,16-06-2018
800,S3665292A,Chronic,Stroke,S5633830K,17-12-2007
801,S5922694D,Common,Headaches & Migraines,S6336826K,07-04-1987
802,S7587829D,Physical,Caries,S5633830K,28-04-2012
803,S8416430J,Chronic,Hypertension,S7854499W,12-11-1988
804,S2269800B,Physical,Cataracts,S7854499W,05-10-2009
805,S1692591D,Physical,Urinary,S6336826K,29-10-1996
806,S2592861H,Common,Cold,S5119711C,11-11-1984
807,S7380271J,Physical,Cataracts,S6336826K,16-11-2013
808,S6528238G,Common,Allergy,S2526745K,08-12-1995
809,S2265328E,Chronic,Blood Cholesterol,S7854499W,02-12-1998
810,S5770438E,Physical,Haemorrhoids,S1361500H,12-12-2003
811,S1660863F,Common,Cold,S7854499W,16-04-2014
812,S3914156O,Physical,Chickenpox,S1361500H,19-08-1992
813,S4569307S,Physical,Gingivitis,S5633830K,08-04-2013
814,S4980626L,Physical,Gingivitis,S4004274M,21-09-1986
815,S7890445T,Chronic,Hypertension,S5633830K,12-11-1982
816,S2770498A,Mental,Panic Attack,S5119711C,13-06-1987
817,S1717365B,Chronic,Cancer,S2526745K,12-07-2004
818,S7216033E,Mental,Obsessive-Compulsive Disorder,S6336826K,21-07-1988
819,S7007681E,Physical,Haemorrhoids,S1483342G,20-12-2011
820,S5856170B,Common,Headaches & Migraines,S6505514W,15-12-2000
821,S8435454O,Physical,Cataracts,S2526745K,18-06-2009
822,S3828072U,Mental,Obsessive-Compulsive Disorder,S5633830K,15-03-2011
823,S3100678C,Mental,Eating Disorders,S4004274M,20-10-1994
824,S2255290C,Chronic,Heart Disease,S4004274M,22-10-2004
825,S2198863C,Common,Headaches & Migraines,S7854499W,31-03-2001
826,S7516837T,Mental,Schizophrenia,S2526745K,03-06-2004
827,S6861104M,Physical,Backpain,S4004274M,26-07-2009
828,S4628957O,Chronic,Heart Disease,S3623914K,28-03-1998
829,S3171644V,Chronic,Hypertension,S2526745K,17-03-2000
830,S8547076V,Mental,Obsessive-Compulsive Disorder,S4004274M,26-03-2011
831,S5348287R,Mental,Obsessive-Compulsive Disorder,S5119711C,30-04-2004
832,S8200946M,Common,Cold,S3623914K,18-06-2001
833,S9354638B,Physical,Gout,S2526745K,06-03-2008
834,S4883176S,Chronic,Asthma,S6336826K,05-02-1988
835,S1911722I,Mental,Panic Attack,S1361500H,10-12-2016
836,S4464666C,Chronic,Asthma,S1483342G,09-10-2013
837,S6960401V,Mental,Schizophrenia,S5633830K,06-09-1988
838,S6348568M,Mental,Schizophrenia,S6505514W,10-07-2017
839,S4309901A,Chronic,Blood Cholesterol,S6336826K,23-12-1981
840,S3938174J,Common,Headaches & Migraines,S5119711C,15-06-2006
841,S7296890S,Physical,Haemorrhoids,S6505514W,10-10-2016
842,S6640132A,Chronic,Stroke,S2526745K,08-05-1983
843,S3617193O,Physical,Gingivitis,S1361500H,03-10-2018
844,S1760554X,Common,Cold,S5119711C,07-09-2015
845,S8926101S,Physical,Bronchitis,S5633830K,07-12-1994
846,S6930105K,Chronic,Asthma,S1361500H,01-01-2001
847,S5278313V,Common,Headaches & Migraines,S2526745K,14-07-1991
848,S8945766O,Mental,Obsessive-Compulsive Disorder,S5119711C,28-06-2015
849,S7133907P,Physical,Haemorrhoids,S5633830K,17-09-1992
850,S8317441X,Mental,Obsessive-Compulsive Disorder,S7854499W,07-03-2009
851,S8716588D,Chronic,Asthma,S1483342G,03-03-1987
852,S6655947K,Physical,Caries,S2526745K,11-12-2003
853,S8468749O,Physical,Cataracts,S5119711C,03-04-2018
854,S7058003Z,Physical,Gout,S6505514W,17-05-1997
855,S5948196U,Chronic,Asthma,S6336826K,25-06-2017
856,S3171644V,Chronic,Asthma,S5119711C,20-08-1985
857,S8242756J,Physical,Backpain,S2526745K,30-07-1983
858,S8855049J,Chronic,Diabetes,S2526745K,06-11-1985
859,S4088765B,Common,Cold,S1483342G,09-04-1990
860,S3164536J,Mental,Panic Attack,S1483342G,02-04-2009
861,S1469889Q,Common,Headaches & Migraines,S2526745K,03-01-1988
862,S4959927M,Physical,Haemorrhoids,S6505514W,05-10-2006
863,S1543299A,Chronic,Diabetes,S3623914K,08-12-2001
864,S4109495F,Common,Allergy,S7854499W,05-06-2002
865,S8847944E,Chronic,Blood Cholesterol,S5633830K,19-02-1980
866,S2555013J,Mental,Depression,S5119711C,01-11-2015
867,S7692966K,Mental,Panic Attack,S1361500H,28-04-2015
868,S7599653J,Common,Cold,S6336826K,04-04-1997
869,S1501823G,Mental,Schizophrenia,S1483342G,02-09-2016
870,S8242756J,Mental,Panic Attack,S5633830K,02-12-1983
871,S9299242M,Chronic,Asthma,S5119711C,25-05-2014
872,S8327207N,Chronic,Asthma,S3623914K,02-02-2001
873,S2823984U,Physical,Haemorrhoids,S1361500H,08-09-1991
874,S4611311L,Chronic,Asthma,S4004274M,21-06-1981
875,S3617193O,Common,Allergy,S6336826K,07-03-1996
876,S2356252O,Chronic,Diabetes,S6505514W,20-11-1994
877,S3767857O,Physical,Backpain,S3623914K,23-09-2007
878,S6552190D,Physical,Urinary,S2526745K,10-05-1986
879,S3223873S,Mental,Eating Disorders,S5119711C,20-04-1997
880,S2934345Q,Physical,Caries,S6505514W,19-09-2000
881,S1664089J,Mental,Schizophrenia,S1361500H,05-01-1998
882,S8667408P,Physical,Caries,S6336826K,26-11-2008
883,S5973648C,Common,Headaches & Migraines,S7854499W,13-06-2007
884,S1368671D,Physical,Cataracts,S4004274M,10-12-1988
885,S3550866N,Common,Cold,S2526745K,10-03-1996
886,S3773358A,Chronic,Asthma,S6505514W,15-01-1982
887,S8417754J,Chronic,Hypertension,S7854499W,31-07-1999
888,S8663634D,Physical,Backpain,S7854499W,09-06-1984
889,S7087806O,Mental,Panic Attack,S7854499W,18-05-1993
890,S3294588W,Mental,Obsessive-Compulsive Disorder,S6336826K,18-01-2012
891,S8520040W,Physical,Chickenpox,S7854499W,24-07-2004
892,S1443657D,Chronic,Asthma,S4004274M,04-08-2016
893,S4478656U,Mental,Panic Attack,S3623914K,25-06-2003
894,S8468749O,Physical,Cataracts,S6336826K,05-11-1996
895,S7943742K,Common,Allergy,S2526745K,16-11-1992
896,S3500541Q,Chronic,Asthma,S1361500H,29-09-2001
897,S7654224X,Mental,Schizophrenia,S6505514W,24-11-1982
898,S9662375M,Chronic,Asthma,S7854499W,09-12-1988
899,S7449357N,Common,Headaches & Migraines,S4004274M,31-08-2005
900,S3525306X,Chronic,Asthma,S6336826K,05-08-2003
901,S6709046D,Physical,Urinary,S5119711C,23-09-2001
902,S8422101K,Mental,Panic Attack,S4004274M,27-05-2013
903,S5114500C,Mental,Depression,S5119711C,25-03-1999
904,S5872730E,Mental,Depression,S7854499W,30-07-2015
905,S6213229Q,Common,Allergy,S7854499W,14-09-2016
906,S1603997Y,Mental,Obsessive-Compulsive Disorder,S5633830K,29-06-2000
907,S9665353E,Physical,Caries,S5119711C,04-11-1991
908,S9985656V,Chronic,Hypertension,S6336826K,05-07-1987
909,S2798277D,Common,Headaches & Migraines,S1483342G,27-05-2013
910,S7256244R,Physical,Gout,S6505514W,06-05-1999
911,S2177632W,Mental,Schizophrenia,S7854499W,03-11-1995
912,S4645936M,Common,Allergy,S3623914K,20-08-2015
913,S5144111L,Mental,Depression,S1483342G,24-06-2001
914,S6655356A,Common,Cold,S5633830K,09-02-2016
915,S4478656U,Common,Headaches & Migraines,S2526745K,15-02-1995
916,S7337461K,Chronic,Cancer,S7854499W,22-02-2010
917,S2260721E,Mental,Obsessive-Compulsive Disorder,S5119711C,20-04-1984
918,S7426979P,Mental,Panic Attack,S4004274M,27-12-2001
919,S2964196S,Chronic,Cancer,S1361500H,26-06-1995
920,S3564022P,Mental,Eating Disorders,S7854499W,14-03-1989
921,S5947580U,Chronic,Cancer,S3623914K,21-09-2018
922,S7680836K,Physical,Cataracts,S3623914K,12-01-1989
923,S2913125R,Physical,Gingivitis,S5119711C,28-12-1982
924,S4953945W,Physical,Cataracts,S2526745K,07-02-2000
925,S6757774E,Mental,Depression,S5119711C,28-06-1983
926,S1516037V,Common,Cold,S1361500H,07-08-1997
927,S2381966Y,Common,Allergy,S7854499W,30-08-1988
928,S7697028J,Chronic,Heart Disease,S6336826K,05-05-1985
929,S8146454Q,Chronic,Cancer,S1483342G,14-10-2015
930,S5724356N,Common,Headaches & Migraines,S2526745K,20-06-1998
931,S1691197D,Common,Headaches & Migraines,S6336826K,02-11-1985
932,S8520697O,Physical,Haemorrhoids,S4004274M,22-06-2014
933,S9612153O,Mental,Schizophrenia,S4004274M,06-02-2008
934,S1754041L,Common,Cold,S1361500H,21-09-2014
935,S5133490Y,Chronic,Diabetes,S5119711C,01-05-1993
936,S9171677H,Common,Headaches & Migraines,S5633830K,20-10-2007
937,S8325585W,Chronic,Diabetes,S7854499W,07-02-1998
938,S2934345Q,Physical,Chickenpox,S3623914K,08-06-1987
939,S1800068S,Physical,Caries,S1361500H,30-12-1985
940,S4464666C,Physical,Gingivitis,S6505514W,20-01-1988
941,S3487695C,Physical,Urinary,S5119711C,11-03-1986
942,S7317410K,Mental,Schizophrenia,S1483342G,30-03-2003
943,S1137722V,Chronic,Heart Disease,S5119711C,21-06-2005
944,S7670262F,Physical,Gingivitis,S5119711C,02-11-2012
945,S8468749O,Chronic,Diabetes,S4004274M,13-01-1995
946,S2771472D,Common,Cold,S6336826K,07-01-1983
947,S4464666C,Chronic,Heart Disease,S3623914K,24-06-2000
948,S3819981F,Chronic,Hypertension,S1483342G,07-07-1996
949,S8017571G,Chronic,Diabetes,S3623914K,26-06-2001
950,S1556694G,Chronic,Asthma,S1483342G,26-07-1992
951,S5348287R,Common,Cold,S1483342G,09-01-2008
952,S7054318S,Common,Headaches & Migraines,S7854499W,17-08-2018
953,S2771947F,Common,Allergy,S4004274M,18-07-2003
954,S2151797Q,Common,Headaches & Migraines,S5119711C,10-04-1995
955,S8847461D,Chronic,Blood Cholesterol,S5633830K,17-02-2018
956,S3627112D,Common,Headaches & Migraines,S1361500H,18-03-2003
957,S4569307S,Physical,Bronchitis,S6336826K,19-05-2005
958,S9705213I,Common,Allergy,S7854499W,13-06-1998
959,S3767857O,Mental,Eating Disorders,S1483342G,16-01-1986
960,S8146454Q,Common,Cold,S6336826K,30-12-2003
961,S1516037V,Physical,Backpain,S2526745K,08-10-1990
962,S9350585J,Common,Allergy,S4004274M,20-07-2010
963,S6425083S,Common,Allergy,S2526745K,27-04-1985
964,S3228164W,Mental,Panic Attack,S6336826K,03-02-1982
965,S1921321U,Physical,Urinary,S1361500H,07-12-1982
966,S4758581M,Common,Cold,S2526745K,03-09-2008
967,S8675839E,Physical,Gingivitis,S5633830K,16-12-2005
968,S5403785R,Common,Allergy,S1483342G,30-04-1982
969,S8564662A,Common,Headaches & Migraines,S2526745K,17-07-2015
970,S2107249Y,Common,Headaches & Migraines,S4004274M,16-11-1999
971,S2853894X,Physical,Cataracts,S5119711C,08-09-2013
972,S5644615J,Common,Cold,S1483342G,23-05-1988
973,S1027699D,Mental,Depression,S6336826K,21-06-2001
974,S3564022P,Chronic,Blood Cholesterol,S5633830K,26-06-1996
975,S8882982F,Chronic,Diabetes,S6336826K,06-04-2000
976,S6655356A,Physical,Gout,S6505514W,21-12-2016
977,S7794628I,Physical,Gingivitis,S7854499W,26-06-1988
978,S9778032F,Mental,Panic Attack,S4004274M,18-10-1991
979,S6997766X,Physical,Gout,S6505514W,09-09-1987
980,S9488406S,Mental,Depression,S6505514W,13-08-2013
981,S6846213U,Chronic,Heart Disease,S2526745K,16-09-2001
982,S1769429E,Physical,Chickenpox,S6336826K,30-12-2000
983,S3632347D,Physical,Gingivitis,S6336826K,29-04-2004
984,S2164919C,Common,Cold,S6505514W,13-02-1981
985,S8876868K,Common,Cold,S4004274M,04-12-2011
986,S2798277D,Mental,Schizophrenia,S7854499W,20-04-2012
987,S2584674F,Chronic,Blood Cholesterol,S1361500H,24-05-2013
988,S6606315X,Mental,Panic Attack,S1361500H,15-11-2002
989,S3888591G,Physical,Backpain,S1483342G,04-05-2007
990,S7875159X,Mental,Schizophrenia,S1483342G,23-10-2017
991,S4116179E,Physical,Haemorrhoids,S7854499W,11-02-1983
992,S2206032T,Physical,Chickenpox,S2526745K,26-10-2006
993,S1543299A,Mental,Obsessive-Compulsive Disorder,S5633830K,26-09-1995
994,S7316229L,Common,Headaches & Migraines,S4004274M,16-05-1997
995,S3564022P,Physical,Caries,S5633830K,12-09-2006
996,S6626104I,Physical,Bronchitis,S1361500H,08-02-1990
997,S2784495R,Chronic,Cancer,S5633830K,03-06-2002
998,S7831455Y,Physical,Cataracts,S5119711C,31-05-2008
999,S4122501T,Chronic,Diabetes,S6505514W,22-10-1991
