1,S8667408P,S1361500H,29-01-1995
2,S5813103X,S1483342G,04-10-2010
3,S9208481V,S5119711C,03-12-1998
4,S3470107P,S5633830K,24-10-2012
5,S4821364J,S2526745K,10-08-1994
6,S8317441X,S1483342G,22-10-2010
7,S2766949Q,S4004274M,29-09-2003
8,S8528067K,S1361500H,04-12-2014
9,S4959927M,S1483342G,09-06-2004
10,S6093408T,S5119711C,23-10-1996
11,S1395070L,S5119711C,23-11-2007
12,S1002874L,S5633830K,18-04-2009
13,S4464666C,S6505514W,23-05-2006
14,S8590328I,S4004274M,24-10-1984
15,S6717881U,S7854499W,29-11-2003
16,S9253049P,S6505514W,04-08-2002
17,S3748968A,S2526745K,18-11-2016
18,S3469880K,S6336826K,05-02-2000
19,S1113420L,S6505514W,01-06-1988
20,S2731758V,S1361500H,29-01-2000
21,S1469889Q,S5633830K,01-09-1991
22,S5517253G,S1483342G,28-03-2001
23,S5872730E,S1483342G,25-01-1998
24,S3632347D,S5633830K,10-07-2007
25,S5727140L,S1483342G,16-10-1984
26,S6318938W,S1483342G,26-04-2008
27,S1660863F,S5119711C,24-02-1984
28,S3500541Q,S5119711C,18-10-2008
29,S9888909V,S2526745K,26-11-1994
30,S7133907P,S6336826K,10-03-1999
31,S7087806O,S1361500H,16-07-1997
32,S2449583J,S4004274M,01-03-2013
33,S7616883V,S2526745K,23-07-2005
34,S8483323Y,S5119711C,26-07-1982
35,S7739540U,S7854499W,15-07-2006
36,S8556112N,S4004274M,01-05-1980
37,S8821204Q,S5119711C,20-03-1992
38,S9574027G,S5633830K,11-07-2007
39,S2260721E,S5119711C,19-02-2011
40,S6839984K,S5119711C,16-06-2013
41,S6785868O,S5633830K,07-10-1985
42,S4980626L,S3623914K,29-09-2001
43,S6721992I,S6336826K,27-12-1980
44,S8249906R,S2526745K,25-01-1980
45,S6252443F,S4004274M,01-10-2009
46,S3819981F,S1361500H,27-12-1998
47,S3023538V,S5119711C,01-12-1993
48,S8424321Z,S1361500H,30-09-2010
49,S3877006D,S3623914K,23-08-2003
50,S9648573S,S6505514W,16-04-1996
51,S4479630V,S6505514W,22-12-2003
52,S3654759E,S6505514W,12-01-1980
53,S8131459M,S5119711C,20-08-1984
54,S8547853L,S4004274M,04-08-1991
55,S1580029F,S5633830K,20-04-1994
56,S8897061R,S1483342G,15-08-2008
57,S1555162S,S1483342G,25-11-1982
58,S8274053F,S1483342G,07-07-2009
59,S6164363G,S1361500H,17-02-2003
60,S2225716Z,S7854499W,05-01-2008
61,S4748479T,S6336826K,11-08-1995
62,S1025871I,S5633830K,20-07-1993
63,S3536986X,S7854499W,06-07-1992
64,S3201012B,S5119711C,15-08-2001
65,S6382548X,S5633830K,30-03-2000
66,S7256244R,S6505514W,25-11-2017
67,S4759733S,S1483342G,21-09-1985
68,S4075788W,S6505514W,19-10-2011
69,S4923205E,S1361500H,12-09-2011
70,S3233842F,S3623914K,02-04-1984
71,S1217590Y,S1361500H,13-09-1986
72,S5650232O,S1361500H,01-05-1997
73,S7624747K,S6336826K,17-06-2000
74,S4881532P,S2526745K,28-03-1989
75,S8923095F,S1483342G,29-06-2002
76,S6795540Y,S6336826K,28-06-1986
77,S3679545Z,S1361500H,20-08-1984
78,S6921484I,S2526745K,06-10-1991
79,S4731299N,S3623914K,07-01-2013
80,S8729984J,S3623914K,31-05-1989
81,S5287620P,S1483342G,23-01-2010
82,S7917587D,S5119711C,16-04-2010
83,S2373924N,S5633830K,07-04-1982
84,S5702021D,S4004274M,29-11-2011
85,S6610110O,S3623914K,24-01-2007
86,S2761085F,S5633830K,06-04-1999
87,S2223096T,S5633830K,14-01-1991
88,S4980626L,S6505514W,24-09-1990
89,S5352330R,S2526745K,16-02-2016
90,S5715879M,S7854499W,02-01-1990
91,S7337461K,S1483342G,20-02-2012
92,S2040568B,S1361500H,23-06-2018
93,S8754905J,S7854499W,07-12-1987
94,S3522801O,S2526745K,29-10-1983
95,S4505680Z,S1361500H,26-02-1997
96,S2198863C,S4004274M,28-09-2003
97,S6631686D,S5119711C,29-11-1995
98,S1691197D,S7854499W,25-10-2005
99,S8754540Z,S4004274M,30-01-1990
100,S8099534R,S1483342G,26-11-2016
101,S9869414I,S3623914K,07-08-2006
102,S9485236E,S2526745K,26-07-2012
103,S9817190G,S5119711C,15-03-1994
104,S8447587X,S4004274M,06-10-1989
105,S1781730G,S5119711C,22-07-1996
106,S3632347D,S5119711C,09-12-1988
107,S8513976F,S2526745K,21-09-2008
108,S6938957G,S4004274M,22-09-1993
109,S9458097Q,S2526745K,22-01-1999
110,S7475491V,S5119711C,11-12-1984
111,S1027699D,S2526745K,30-06-1994
112,S4104840M,S4004274M,20-11-1980
113,S7074688V,S3623914K,06-03-2006
114,S5769421X,S3623914K,23-09-1982
115,S8416430J,S4004274M,21-11-1993
116,S2018627K,S1483342G,25-01-1995
117,S3598756T,S1483342G,09-02-1987
118,S1769429E,S5119711C,01-10-1995
119,S4157752Y,S4004274M,05-11-1995
120,S7971670R,S5633830K,14-05-1987
121,S4351955T,S6505514W,09-05-1993
122,S3627112D,S4004274M,12-10-2011
123,S4949643A,S1483342G,10-05-2008
124,S9459775O,S6505514W,19-05-1994
125,S1413734Q,S5633830K,18-07-1995
126,S5063914P,S7854499W,10-09-1999
127,S7484587B,S6336826K,28-03-1988
128,S3883837A,S5633830K,13-08-2009
129,S2534486B,S5119711C,03-11-1989
130,S4730137I,S5119711C,18-03-2012
131,S8562926F,S2526745K,15-10-1987
132,S2273322P,S2526745K,22-07-2004
133,S5346938A,S2526745K,13-09-2008
134,S8944124W,S5633830K,09-01-1991
135,S7516837T,S3623914K,23-08-1984
136,S4569307S,S1361500H,19-09-1994
137,S1852447D,S6336826K,21-12-2011
138,S7624747K,S3623914K,02-08-1986
139,S9628658F,S3623914K,25-03-2004
140,S8395005M,S6505514W,27-08-2012
141,S7972496R,S4004274M,31-05-1990
142,S2321201A,S5633830K,16-05-1991
143,S6319783Z,S5633830K,10-05-1987
144,S9502710I,S2526745K,09-08-2005
145,S1580029F,S4004274M,22-05-2017
146,S7562096Z,S7854499W,17-10-2007
147,S7759307X,S6505514W,25-01-2014
148,S8923095F,S6505514W,25-04-1995
149,S2356252O,S5119711C,30-05-1999
150,S1941236E,S3623914K,01-07-1995
151,S1395070L,S5633830K,06-07-1981
152,S5281795N,S5633830K,28-03-2006
153,S1313437L,S6505514W,04-02-2002
154,S3868334Y,S6336826K,03-12-1989
155,S4130238T,S2526745K,28-10-1985
156,S8441634F,S4004274M,04-09-2010
157,S3143969X,S6505514W,02-08-1999
158,S6902089R,S5633830K,17-07-2012
159,S7278276X,S7854499W,10-06-2003
160,S1368403S,S3623914K,27-06-1999
161,S4812672V,S2526745K,10-04-1988
162,S8242428Q,S5633830K,27-06-1985
163,S7278276X,S5119711C,17-07-1995
164,S7118797W,S7854499W,06-09-2012
165,S2265328E,S4004274M,09-12-1997
166,S2839757V,S5633830K,18-07-2016
167,S2405741U,S6505514W,03-09-2004
168,S8627355I,S3623914K,27-12-2001
169,S1700230H,S4004274M,30-06-2013
170,S7624747K,S1483342G,28-09-1998
171,S1137388U,S1361500H,07-06-2011
172,S1155701T,S5119711C,17-09-1995
173,S8528067K,S5633830K,06-04-1997
174,S4295864P,S4004274M,28-09-2004
175,S7484962L,S7854499W,04-08-2003
176,S3023538V,S7854499W,29-02-1992
177,S8424321Z,S1483342G,23-10-2017
178,S9281472A,S1483342G,28-08-1983
179,S3536986X,S3623914K,15-12-2007
180,S1819124N,S2526745K,08-03-1983
181,S8882982F,S4004274M,02-03-2002
182,S6640132A,S3623914K,21-06-1999
183,S8049304U,S3623914K,15-10-2016
184,S3005533X,S6505514W,02-06-1987
185,S4903829U,S3623914K,15-08-1984
186,S6631686D,S5633830K,10-02-2014
187,S1867030F,S1483342G,03-03-2006
188,S3700667F,S4004274M,09-04-2006
189,S3218447F,S1483342G,30-11-2005
190,S9200039Z,S3623914K,01-05-2009
191,S9874695B,S5119711C,02-05-2015
192,S2506551R,S2526745K,20-06-1980
193,S1865195J,S5633830K,31-01-2007
194,S1626505U,S4004274M,24-08-1993
195,S3005533X,S6336826K,15-07-1982
196,S1781730G,S6336826K,09-02-2005
197,S1692591D,S3623914K,03-06-1991
198,S4491696I,S7854499W,02-01-2012
199,S6417027N,S6505514W,05-06-1984
200,S5608895N,S1483342G,04-02-2016
201,S5608895N,S1361500H,29-11-1981
202,S6535648R,S3623914K,15-08-1982
203,S9038196W,S2526745K,27-07-1982
204,S6093408T,S6336826K,14-08-2004
205,S2789615A,S5119711C,11-09-2012
206,S1760554X,S1483342G,22-11-1987
207,S4400519D,S5119711C,03-04-2003
208,S6019912T,S7854499W,04-10-1980
209,S3218447F,S2526745K,01-09-1980
210,S2191316U,S2526745K,06-04-1981
211,S3101050K,S2526745K,16-04-2009
212,S6993281N,S5119711C,07-05-1984
213,S2814860T,S3623914K,16-08-1994
214,S4116801G,S5119711C,03-06-2006
215,S6318938W,S5119711C,02-05-2010
216,S1404973J,S4004274M,12-04-2012
217,S4116179E,S5633830K,01-09-1982
218,S2524309O,S6505514W,09-09-1988
219,S2492414H,S3623914K,29-12-1996
220,S3143969X,S3623914K,30-06-1994
221,S3819981F,S5119711C,23-04-1985
222,S6099446D,S5119711C,30-04-2009
223,S4297701F,S1483342G,02-12-1985
224,S8847944E,S7854499W,15-08-2012
225,S2003956C,S5119711C,08-04-2010
226,S7118797W,S1361500H,21-07-1998
227,S4130238T,S1483342G,14-11-1998
228,S5144111L,S5119711C,06-08-2008
229,S9819005U,S6505514W,25-02-1998
230,S3564022P,S1483342G,01-08-2018
231,S5307762K,S7854499W,22-07-1980
232,S2189890C,S1483342G,12-06-1981
233,S7524741N,S4004274M,15-01-2005
234,S8146454Q,S1361500H,09-12-2009
235,S1867030F,S5119711C,06-08-2014
236,S9778032F,S1361500H,28-03-2011
237,S7821476S,S7854499W,24-05-1988
238,S2452407R,S3623914K,09-01-2014
239,S6610110O,S2526745K,09-05-1981
240,S7032633S,S5633830K,20-01-1990
241,S6631686D,S6505514W,05-03-1998
242,S5704150D,S4004274M,13-09-1992
243,S5428212L,S7854499W,03-08-1990
244,S4424024Y,S1361500H,21-02-1989
245,S9076155B,S2526745K,02-07-2011
246,S1941236E,S5633830K,18-11-2003
247,S3907154N,S3623914K,05-08-2012
248,S8395005M,S5633830K,08-01-1991
249,S4122473A,S2526745K,17-06-2007
250,S5770438E,S1361500H,22-04-2010
251,S9038196W,S4004274M,06-02-1996
252,S9697298B,S2526745K,29-09-2002
253,S3469880K,S5633830K,07-09-2010
254,S7357144K,S6336826K,13-02-1982
255,S4996796E,S5633830K,15-11-1983
256,S2002730C,S1361500H,07-09-2005
257,S7032633S,S7854499W,03-12-1991
258,S4980626L,S1483342G,30-04-2014
259,S6640132A,S5633830K,27-01-2017
260,S8051572K,S3623914K,02-10-1996
261,S5346938A,S5633830K,17-02-1992
262,S7227770H,S4004274M,27-07-2016
263,S1002874L,S1483342G,17-09-1981
264,S2329053B,S2526745K,05-05-2002
265,S4483508N,S1483342G,15-08-1988
266,S4789143S,S4004274M,08-06-2013
267,S7032633S,S2526745K,22-02-2015
268,S4130238T,S2526745K,22-12-1988
269,S2223096T,S1483342G,24-02-2007
270,S7739540U,S5119711C,06-09-2002
271,S4898497V,S6505514W,14-08-2010
272,S9376523G,S1361500H,09-05-2002
273,S4116801G,S7854499W,20-06-2018
274,S1556694G,S2526745K,04-07-1997
275,S4881532P,S1361500H,10-09-1997
276,S3218447F,S7854499W,01-02-1981
277,S1882817X,S5633830K,26-07-2018
278,S8106137Q,S2526745K,23-06-1980
279,S8716588D,S5119711C,18-04-2017
280,S1298808W,S1361500H,28-07-2014
281,S8098361L,S1483342G,28-07-2000
282,S5528988Q,S3623914K,10-01-1998
283,S3016017R,S2526745K,10-11-2011
284,S7599653J,S3623914K,17-11-1988
285,S2018627K,S5633830K,23-02-2017
286,S9039260E,S6505514W,08-09-2014
287,S4491696I,S1361500H,01-01-2012
288,S5608895N,S2526745K,01-06-1984
289,S3171644V,S6505514W,23-11-2014
290,S6757774E,S2526745K,29-03-1996
291,S6606778S,S6336826K,26-03-1992
292,S1066747F,S4004274M,14-06-2007
293,S9819005U,S5119711C,29-08-2002
294,S6938957G,S4004274M,24-08-2004
295,S9820079Z,S5633830K,29-06-1996
296,S7300264H,S1483342G,14-03-1982
297,S6487241Z,S4004274M,21-08-2015
298,S2952296N,S1361500H,27-04-2000
299,S8193768E,S2526745K,09-05-2010
300,S2839757V,S6336826K,13-01-2001
301,S2438806Y,S7854499W,26-11-1985
302,S6630182H,S2526745K,13-03-2004
303,S4075788W,S6336826K,16-11-2011
304,S9888517R,S5633830K,30-10-1995
305,S8077513T,S6505514W,02-04-2001
306,S7659903O,S5633830K,11-09-2002
307,S6677034L,S6505514W,20-12-2014
308,S4569307S,S5119711C,19-11-1983
309,S7058003Z,S3623914K,19-07-1985
310,S7165441K,S5633830K,03-12-2015
311,S1897131C,S1483342G,05-04-1986
312,S7599653J,S5119711C,13-11-1981
313,S8435454O,S3623914K,09-02-1985
314,S6623076O,S2526745K,23-08-1983
315,S6941030I,S4004274M,08-04-2001
316,S2789615A,S7854499W,24-11-2009
317,S2465331H,S5633830K,27-04-1999
318,S6185465W,S5633830K,30-08-2013
319,S4427301Q,S1361500H,14-05-1997
320,S5830513Y,S1483342G,26-09-1987
321,S6610110O,S6336826K,04-12-1997
322,S6655947K,S1483342G,20-03-1981
323,S5962491M,S6336826K,29-03-1993
324,S7352319X,S5119711C,14-03-1982
325,S3790300B,S1483342G,06-12-2006
326,S2259410W,S2526745K,11-08-2013
327,S5307762K,S4004274M,15-05-1990
328,S4931446Z,S3623914K,29-08-1980
329,S1660863F,S7854499W,13-01-2017
330,S1320010F,S5633830K,20-08-2004
331,S1555162S,S7854499W,07-05-1991
332,S9279750T,S7854499W,25-11-2007
333,S2329053B,S2526745K,30-04-2002
334,S3550761H,S6505514W,29-01-1992
335,S3564022P,S3623914K,16-11-2009
336,S1911722I,S1483342G,06-09-2016
337,S4479630V,S1361500H,01-06-1991
338,S8653215K,S6336826K,10-09-2008
339,S6425083S,S6336826K,26-02-1981
340,S5823789B,S1483342G,26-03-1980
341,S1994682P,S1483342G,19-08-1983
342,S3883837A,S3623914K,17-03-1988
343,S3201012B,S7854499W,22-09-2014
344,S2280732U,S5119711C,07-10-2009
345,S3153347T,S5119711C,21-08-2011
346,S3522801O,S5633830K,23-11-1994
347,S6455578R,S1483342G,24-07-1986
348,S2860299X,S2526745K,15-09-2017
349,S4427301Q,S3623914K,01-11-1995
350,S4530487P,S5119711C,17-06-1988
351,S3920438V,S3623914K,04-11-1999
352,S3118066P,S4004274M,27-05-2016
353,S8754905J,S6336826K,02-10-1999
354,S4972139A,S7854499W,30-10-1986
355,S4980626L,S2526745K,13-12-2007
356,S7234427S,S4004274M,01-08-2015
357,S2925972L,S4004274M,21-09-1990
358,S4337591T,S5119711C,27-05-2014
359,S2405741U,S3623914K,05-05-2005
360,S4553724F,S5633830K,14-01-2003
361,S7524741N,S6336826K,02-10-1983
362,S7830855B,S1483342G,18-12-2005
363,S7972496R,S6336826K,14-07-1987
364,S5569299P,S5119711C,18-10-2010
365,S9662375M,S5119711C,25-01-1985
366,S2492414H,S5633830K,27-09-2004
367,S4736511T,S1361500H,14-12-1999
368,S3665292A,S4004274M,09-07-1992
369,S9819005U,S2526745K,16-08-1998
370,S6993281N,S6505514W,10-06-2017
371,S8146454Q,S3623914K,11-05-2018
372,S8189832J,S7854499W,20-06-1980
373,S6861104M,S3623914K,06-12-2005
374,S8096783S,S1361500H,26-07-1995
375,S4599923A,S4004274M,08-11-1995
376,S4088765B,S6336826K,27-05-2002
377,S5604488O,S1483342G,01-09-1997
378,S9767016V,S1483342G,06-08-2012
379,S9446691F,S6505514W,18-07-1997
380,S3525306X,S1361500H,19-02-1987
381,S7559015Q,S3623914K,16-05-1993
382,S6285959I,S1361500H,17-11-1999
383,S1142277Y,S5633830K,22-09-2004
384,S7484962L,S6505514W,23-11-2016
385,S2761085F,S7854499W,14-09-2012
386,S9841011O,S3623914K,28-07-1982
387,S2798820I,S5119711C,12-04-1985
388,S1047837O,S3623914K,29-12-1980
389,S2770498A,S4004274M,03-07-2000
390,S4252628Y,S4004274M,29-11-1998
391,S7599653J,S2526745K,04-11-1994
392,S9425336C,S6505514W,09-11-2014
393,S8416430J,S6505514W,21-05-2012
394,S3005533X,S7854499W,10-12-1996
395,S7516837T,S6505514W,28-01-1992
396,S7278276X,S2526745K,05-05-2008
397,S3440164Y,S7854499W,17-04-2015
398,S4813973D,S3623914K,04-04-2018
399,S3005533X,S6336826K,15-12-1998
400,S6154911V,S6505514W,06-08-1998
401,S4819537Z,S5119711C,16-10-1985
402,S4977862I,S4004274M,28-05-2014
403,S7456583W,S6336826K,08-02-1998
404,S9069997H,S6336826K,30-12-2006
405,S2300778O,S5119711C,04-09-1981
406,S9837045B,S2526745K,05-02-2006
407,S7520639A,S7854499W,11-09-1992
408,S9353433F,S4004274M,11-10-1991
409,S2839757V,S7854499W,21-05-2003
410,S3525306X,S4004274M,14-09-2010
411,S8325585W,S3623914K,27-02-2000
412,S4367055E,S6336826K,21-08-2007
413,S2394435E,S4004274M,02-10-2016
414,S6528238G,S6505514W,15-01-1986
415,S1259497D,S6336826K,26-11-2013
416,S1580029F,S4004274M,13-04-2013
417,S2885118D,S5119711C,15-01-1982
418,S2212231X,S2526745K,30-04-1989
419,S5704150D,S4004274M,19-02-2002
420,S4759733S,S6505514W,22-11-1995
421,S1644707O,S3623914K,17-05-2006
422,S5213732E,S1483342G,21-05-1988
423,S5702021D,S1361500H,09-04-2004
424,S8115510U,S1483342G,24-07-2010
425,S5231793R,S2526745K,22-04-2000
426,S4883176S,S6505514W,20-10-2000
427,S8371935B,S1483342G,28-11-2016
428,S9485236E,S6505514W,06-11-2005
429,S4122473A,S2526745K,07-02-1989
430,S8957407Y,S6336826K,28-04-1991
431,S2853894X,S5633830K,15-12-1988
432,S2784495R,S6336826K,05-06-2005
433,S6640132A,S3623914K,18-01-1987
434,S8435454O,S5633830K,11-11-1984
435,S2858412M,S1361500H,24-08-1991
436,S1184649R,S3623914K,11-04-2011
437,S8946361F,S1483342G,27-09-2014
438,S3828072U,S1361500H,25-09-1984
439,S1064786R,S5119711C,29-04-2001
440,S6721992I,S3623914K,30-05-2008
441,S2896436Q,S3623914K,06-02-1989
442,S2555013J,S6505514W,22-09-1996
443,S2771472D,S4004274M,26-10-1986
444,S7559753G,S5633830K,07-10-2004
445,S9208481V,S6505514W,14-03-1996
446,S7167431V,S6505514W,05-05-1987
447,S8663634D,S7854499W,07-04-1986
448,S2394435E,S6505514W,21-01-2018
449,S3868334Y,S5119711C,19-07-2014
450,S8957407Y,S1483342G,05-07-1987
451,S7559753G,S2526745K,11-09-2000
452,S7167431V,S5119711C,16-10-1985
453,S5982945W,S1483342G,18-02-1981
454,S5383555T,S3623914K,30-11-2005
455,S5911026T,S3623914K,28-07-2015
456,S4284895K,S5633830K,17-03-2012
457,S2766949Q,S7854499W,27-12-1997
458,S3101050K,S2526745K,28-02-1996
459,S6824761N,S2526745K,27-11-1994
460,S2291221N,S5119711C,07-06-2008
461,S6291360D,S3623914K,14-02-1998
462,S8099534R,S6336826K,20-12-1990
463,S4534094S,S5633830K,29-03-1999
464,S6975096Q,S1361500H,01-11-1981
465,S1481527D,S7854499W,21-09-2016
466,S2329053B,S4004274M,06-04-1992
467,S7892170K,S7854499W,01-01-1994
468,S8077513T,S1483342G,15-08-1991
469,S5248889C,S5633830K,09-06-2007
470,S8562926F,S2526745K,27-06-1994
471,S5823789B,S6336826K,08-05-2018
472,S3828072U,S1483342G,11-12-2010
473,S1501823G,S5633830K,12-02-1996
474,S9697298B,S6505514W,08-01-1987
475,S6824761N,S5633830K,03-03-2017
476,S3469880K,S6336826K,21-01-2011
477,S6026284J,S4004274M,10-04-2010
478,S3748968A,S4004274M,28-12-2008
479,S5528988Q,S5119711C,29-04-1983
480,S3745954M,S6336826K,20-10-2001
481,S4333744P,S1483342G,07-03-2004
482,S9376523G,S5633830K,07-07-1989
483,S5528988Q,S5119711C,15-04-1984
484,S8754905J,S1483342G,14-05-1991
485,S5085083P,S5633830K,22-06-2016
486,S6470065N,S6505514W,27-08-2007
487,S2798820I,S5119711C,20-10-2008
488,S1197784I,S5633830K,18-02-2005
489,S6630182H,S4004274M,19-12-2012
490,S3914156O,S2526745K,02-01-2006
491,S8274053F,S1361500H,15-02-2009
492,S9516376B,S6505514W,24-06-1985
493,S5724356N,S3623914K,13-03-1990
494,S2401172K,S7854499W,30-11-1982
495,S2330932N,S6336826K,11-11-1991
496,S3979521Q,S2526745K,09-10-2007
497,S5872730E,S2526745K,18-07-2000
498,S3655063L,S1361500H,22-04-1991
499,S9350585J,S5119711C,13-02-1989
500,S8099534R,S6336826K,08-11-1995
501,S4212840P,S3623914K,03-09-2000
502,S3550866N,S5119711C,27-01-1998
503,S2789615A,S1483342G,10-05-2017
504,S6276727U,S1483342G,11-01-2005
505,S1760554X,S4004274M,07-06-1989
506,S5503056A,S7854499W,14-12-1981
507,S1941236E,S4004274M,27-12-1988
508,S7524741N,S1483342G,21-01-1988
509,S6997766X,S7854499W,05-08-2001
510,S1878787I,S5633830K,10-08-1995
511,S4378176B,S7854499W,20-02-2000
512,S2777811G,S3623914K,19-11-1984
513,S6432032N,S3623914K,07-12-2006
514,S1037263Z,S1483342G,06-02-1995
515,S2245129Z,S4004274M,10-10-2001
516,S9820079Z,S2526745K,18-08-2002
517,S2448840B,S6505514W,21-12-2009
518,S7380271J,S1483342G,23-02-2014
519,S9472218B,S2526745K,02-05-1991
520,S4274119I,S2526745K,23-09-1996
521,S4903525U,S1483342G,10-09-1980
522,S7304116U,S6336826K,29-01-2014
523,S8562926F,S7854499W,17-10-1989
524,S7133907P,S5633830K,02-07-2012
525,S3682928P,S6505514W,30-09-1999
526,S1800068S,S1361500H,15-01-2010
527,S3116063A,S2526745K,11-01-1996
528,S3914289N,S4004274M,24-10-1998
529,S9547330Q,S1361500H,09-09-2018
530,S4088765B,S1361500H,18-10-2009
531,S2321201A,S7854499W,24-08-1998
532,S5686109K,S7854499W,17-08-2014
533,S6128205K,S2526745K,06-10-1980
534,S8317441X,S5633830K,29-03-1980
535,S5080123M,S1361500H,13-04-1990
536,S6630182H,S1483342G,02-10-2017
537,S4252628Y,S5119711C,06-03-1994
538,S5709010F,S1483342G,02-02-2001
539,S4676526W,S1483342G,24-07-1983
540,S4684962U,S6505514W,02-01-1984
541,S5872730E,S3623914K,09-08-1993
542,S3654759E,S2526745K,28-09-1982
543,S6886015L,S1361500H,14-01-1986
544,S5140138X,S1361500H,16-01-2012
545,S1088184S,S2526745K,19-01-1994
546,S4995341V,S1361500H,11-07-2004
547,S3932127R,S6505514W,17-08-1994
548,S4931446Z,S3623914K,13-01-2014
549,S4553724F,S1483342G,29-04-1996
550,S7943742K,S5119711C,21-03-2016
551,S8185782X,S5119711C,11-01-1982
552,S1268082O,S4004274M,13-08-2014
553,S4419365A,S5633830K,07-11-2003
554,S4018703W,S1483342G,08-07-2016
555,S5461271X,S6505514W,08-08-1980
556,S8435454O,S6505514W,13-09-1982
557,S4167606I,S5119711C,28-12-1981
558,S4274119I,S7854499W,25-01-2004
559,S1011719M,S5119711C,13-02-1992
560,S5403785R,S5119711C,24-01-2015
561,S5415049T,S1361500H,01-06-1995
562,S6994467S,S3623914K,30-04-1983
563,S6793173A,S4004274M,22-03-1980
564,S8717918Q,S5633830K,03-10-2002
565,S5650232O,S2526745K,11-01-2007
566,S1027699D,S4004274M,03-02-1993
567,S8330773Y,S6336826K,03-11-2004
568,S3560315H,S1483342G,18-12-2010
569,S8185782X,S1483342G,05-07-2011
570,S3487695C,S4004274M,08-05-1999
571,S4881532P,S6505514W,22-01-2010
572,S1691197D,S5119711C,21-02-1986
573,S8483323Y,S1483342G,02-07-1996
574,S7847480Q,S6505514W,05-11-1988
575,S2796128O,S6505514W,04-04-2009
576,S6703916G,S6336826K,29-01-2004
577,S8115510U,S3623914K,20-02-1996
578,S1700230H,S6505514W,19-05-1985
579,S2245129Z,S1361500H,07-06-1986
580,S8754540Z,S5633830K,26-04-1997
581,S4424024Y,S5119711C,09-08-1998
582,S1002874L,S2526745K,27-09-1988
583,S6626104I,S7854499W,13-12-1988
584,S3176657I,S5119711C,17-02-1992
585,S8520697O,S5633830K,05-04-2002
586,S4611311L,S5119711C,28-05-2006
587,S5278313V,S2526745K,30-01-2003
588,S5144111L,S2526745K,26-07-2014
589,S7692966K,S7854499W,19-05-1998
590,S8483323Y,S5119711C,13-02-2001
591,S6418028I,S7854499W,20-08-1982
592,S3877006D,S5633830K,02-12-2016
593,S4883176S,S6336826K,20-06-1996
594,S7944919P,S7854499W,09-05-2015
595,S6039998E,S5119711C,23-01-2003
596,S9425336C,S1361500H,05-06-2011
597,S7616883V,S1361500H,25-11-2003
598,S1877977C,S1361500H,19-11-2014
599,S2584674F,S1483342G,07-06-2016
600,S4491696I,S1361500H,18-03-2009
601,S1501693P,S5633830K,20-02-1995
602,S7971670R,S2526745K,03-10-2002
603,S4676526W,S6505514W,30-07-1995
604,S6313245G,S5633830K,19-07-2006
605,S9368583H,S4004274M,11-09-1982
606,S2356252O,S7854499W,29-03-1983
607,S4017666B,S5633830K,10-10-1989
608,S5922694D,S6505514W,20-03-1997
609,S4730137I,S5633830K,17-10-1982
610,S1298808W,S6505514W,10-05-2000
611,S4883176S,S5119711C,31-07-1996
612,S3023538V,S1483342G,15-03-1984
613,S3016017R,S5119711C,03-03-1991
614,S3034597S,S3623914K,23-01-2018
615,S3750576F,S6336826K,06-08-1987
616,S7559753G,S1361500H,25-05-2012
617,S6252443F,S3623914K,02-09-2015
618,S8520697O,S6336826K,19-03-1998
619,S8185782X,S1361500H,15-11-2014
620,S3176657I,S2526745K,01-10-1985
621,S3942473O,S5119711C,17-08-2005
622,S6721992I,S7854499W,31-07-2009
623,S8926101S,S6505514W,02-12-2008
624,S4995341V,S7854499W,13-04-1994
625,S8046870W,S7854499W,13-02-1985
626,S5644615J,S6505514W,06-07-2004
627,S6470065N,S6505514W,01-06-2007
628,S5517253G,S4004274M,10-05-2003
629,S9612153O,S7854499W,20-07-1996
630,S3773429W,S7854499W,07-02-2018
631,S8847461D,S1483342G,11-12-1988
632,S7875159X,S1483342G,19-01-1980
633,S9038196W,S6505514W,14-07-2011
634,S4005763L,S1361500H,30-06-1981
635,S3584724I,S3623914K,26-05-2005
636,S3171961T,S2526745K,20-09-2009
637,S6917752H,S6336826K,18-07-2008
638,S4157752Y,S5119711C,15-03-1997
639,S8754905J,S6505514W,06-06-2008
640,S4788672P,S6336826K,22-08-2017
641,S9752291E,S6505514W,17-01-2002
642,S5040384I,S1361500H,25-10-1985
643,S9487437M,S7854499W,09-05-1999
644,S2894462R,S5119711C,03-07-2009
645,S6998592G,S5119711C,31-01-2003
646,S2462506B,S3623914K,15-10-1981
647,S8004222Z,S3623914K,26-11-1989
648,S8520040W,S2526745K,01-01-1990
649,S7892170K,S1361500H,14-03-2000
650,S4881532P,S6336826K,18-03-2014
651,S3868334Y,S6505514W,22-06-1989
652,S7831455Y,S7854499W,12-01-1984
653,S2858412M,S6336826K,17-09-2015
654,S4140290O,S3623914K,25-11-1992
655,S2716385D,S1483342G,08-01-2002
656,S3171644V,S6336826K,18-03-1980
657,S7830855B,S6505514W,09-11-1994
658,S1413734Q,S5119711C,22-02-2002
659,S6471426H,S1483342G,14-05-1981
660,S8591586J,S6505514W,20-05-1998
661,S4337591T,S5119711C,16-01-1996
662,S3486179Q,S3623914K,22-01-2015
663,S4478656U,S5633830K,22-10-1987
664,S8413552R,S3623914K,27-12-1999
665,S6099446D,S1361500H,20-06-2015
666,S9084966W,S1483342G,10-02-2012
667,S2637542J,S5633830K,06-09-2000
668,S5234275Y,S6505514W,29-12-1995
669,S1069163V,S2526745K,21-03-1980
670,S4337591T,S6505514W,16-08-2011
671,S4424024Y,S6505514W,03-12-2016
672,S4333744P,S1361500H,15-03-2009
673,S6785868O,S4004274M,19-05-1981
674,S3179425K,S7854499W,17-08-1981
675,S4883176S,S5633830K,10-04-2014
676,S2018627K,S6336826K,24-01-2006
677,S8923095F,S5119711C,15-10-1980
678,S5365886C,S6505514W,09-01-1994
679,S8923095F,S6505514W,07-12-1980
680,S2191316U,S2526745K,29-12-2014
681,S9708381S,S1483342G,16-11-2011
682,S8664016F,S4004274M,02-11-2006
683,S8873637T,S6505514W,07-10-1980
684,S7300264H,S5633830K,10-03-1982
685,S8754540Z,S1361500H,02-11-2000
686,S5269386J,S2526745K,15-07-2018
687,S5727140L,S2526745K,10-05-1986
688,S8485883U,S7854499W,10-09-2009
689,S3005533X,S6336826K,20-08-1997
690,S6553273X,S5119711C,12-12-2017
691,S1001237R,S4004274M,20-08-1990
692,S9845041U,S5633830K,14-12-2009
693,S9474272Z,S6505514W,11-11-1994
694,S4969038O,S7854499W,10-02-1993
695,S1691197D,S2526745K,24-11-2003
696,S6471426H,S2526745K,06-01-2012
697,S3168843N,S7854499W,28-01-2015
698,S8739821O,S1483342G,28-02-1993
699,S6128205K,S2526745K,22-03-1983
700,S1011719M,S1483342G,25-05-2012
701,S2045486J,S1483342G,19-02-1990
702,S5234275Y,S7854499W,22-06-1987
703,S8218925C,S6505514W,04-05-1996
704,S4611311L,S2526745K,19-08-1985
705,S7831455Y,S5119711C,27-09-1986
706,S1800068S,S3623914K,21-09-2005
707,S6998592G,S6336826K,29-06-1981
708,S2191316U,S5633830K,11-05-2004
709,S9648573S,S3623914K,10-05-1998
710,S5606305X,S3623914K,22-02-2009
711,S1769429E,S1483342G,17-04-2015
712,S2293241W,S3623914K,12-05-1994
713,S7624747K,S7854499W,20-06-2007
714,S6552190D,S2526745K,26-10-1991
715,S2332864N,S1361500H,26-11-2012
716,S7906874Y,S7854499W,24-06-2008
717,S7917587D,S5633830K,26-11-2016
718,S4844032T,S5119711C,20-10-2008
719,S9068435Z,S1361500H,17-04-1991
720,S2298913K,S1361500H,28-07-2015
721,S4274119I,S2526745K,03-07-2016
722,S5945614M,S2526745K,07-11-1995
723,S6471426H,S7854499W,01-08-2011
724,S3932127R,S4004274M,24-09-2016
725,S5461271X,S7854499W,04-08-2007
726,S2469992Y,S5633830K,27-09-1990
727,S2291221N,S1361500H,18-06-1990
728,S7992401E,S6336826K,17-03-1990
729,S8371935B,S4004274M,27-01-2018
730,S2291221N,S2526745K,19-02-2015
731,S3920438V,S2526745K,18-05-1987
732,S4122501T,S3623914K,25-02-1989
733,S2255290C,S1361500H,26-05-2017
734,S7449357N,S6336826K,30-10-2017
735,S7475339B,S1483342G,17-09-2015
736,S8087270C,S2526745K,22-10-1987
737,S4130238T,S6336826K,23-11-2012
738,S4515397Y,S1361500H,08-03-1996
739,S3819981F,S4004274M,20-09-1989
740,S8831513H,S5633830K,17-09-2000
741,S1068623A,S3623914K,05-05-1996
742,S2766949Q,S1483342G,22-03-1998
743,S9143579V,S3623914K,16-01-2002
744,S9039260E,S5119711C,11-03-1986
745,S9845041U,S1361500H,22-08-1980
746,S7290784R,S6505514W,21-09-1983
747,S3474308F,S6336826K,13-04-1994
748,S2332864N,S2526745K,23-03-1991
749,S2301006U,S7854499W,02-08-1984
750,S7670262F,S3623914K,22-01-2003
751,S9712800N,S6336826K,06-10-1990
752,S3654759E,S1361500H,15-10-1997
753,S9458097Q,S6505514W,24-02-1996
754,S5365886C,S3623914K,25-04-1998
755,S5161810Q,S2526745K,04-01-1998
756,S6152413U,S7854499W,02-08-2005
757,S2255290C,S1361500H,21-02-2010
758,S5085083P,S6336826K,20-01-2004
759,S9733251C,S1483342G,10-04-1985
760,S8847461D,S2526745K,13-03-1981
761,S9368583H,S3623914K,22-03-1983
762,S6442193E,S5633830K,06-12-1983
763,S2535465Y,S5633830K,01-02-2001
764,S2301006U,S6336826K,23-09-1997
765,S3092897U,S4004274M,16-08-1993
766,S2449583J,S5633830K,08-02-2004
767,S3294588W,S2526745K,22-09-2013
768,S9780705O,S1361500H,13-03-2012
769,S9487777U,S5119711C,08-08-1991
770,S9752291E,S2526745K,28-02-2015
771,S2448840B,S1483342G,31-12-1990
772,S4140290O,S6505514W,04-07-1998
773,S3223873S,S3623914K,02-11-1988
774,S2255290C,S2526745K,18-02-2013
775,S2405741U,S6505514W,16-06-1989
776,S5973648C,S4004274M,05-10-1985
777,S5922694D,S1361500H,14-08-2001
778,S9143579V,S6505514W,25-05-2003
779,S3550761H,S1483342G,25-09-1983
780,S2040568B,S5633830K,01-07-1983
781,S6993281N,S5119711C,27-10-2017
782,S2862263A,S5119711C,22-06-1990
783,S4400519D,S6336826K,30-06-1980
784,S6717881U,S5119711C,17-05-2005
785,S6608600Z,S1361500H,18-04-1981
786,S5352330R,S7854499W,29-08-2016
787,S4534094S,S1483342G,10-11-1988
788,S3500541Q,S6505514W,18-08-2005
789,S8897061R,S2526745K,17-10-2004
790,S9458097Q,S6505514W,14-03-2018
791,S4157752Y,S5119711C,09-07-2017
792,S5348287R,S4004274M,17-01-1991
793,S4018703W,S4004274M,04-12-2004
794,S5234275Y,S3623914K,19-04-1992
795,S7111485F,S1483342G,06-04-2015
796,S8729984J,S6336826K,07-11-1985
797,S7516837T,S6505514W,11-11-2010
798,S7289788B,S5119711C,24-12-1988
799,S2524309O,S6505514W,16-06-2018
800,S3665292A,S5633830K,17-12-2007
801,S5922694D,S6336826K,07-04-1987
802,S7587829D,S5633830K,28-04-2012
803,S8416430J,S7854499W,12-11-1988
804,S2269800B,S7854499W,05-10-2009
805,S1692591D,S6336826K,29-10-1996
806,S2592861H,S5119711C,11-11-1984
807,S7380271J,S6336826K,16-11-2013
808,S6528238G,S2526745K,08-12-1995
809,S2265328E,S7854499W,02-12-1998
810,S5770438E,S1361500H,12-12-2003
811,S1660863F,S7854499W,16-04-2014
812,S3914156O,S1361500H,19-08-1992
813,S4569307S,S5633830K,08-04-2013
814,S4980626L,S4004274M,21-09-1986
815,S7890445T,S5633830K,12-11-1982
816,S2770498A,S5119711C,13-06-1987
817,S1717365B,S2526745K,12-07-2004
818,S7216033E,S6336826K,21-07-1988
819,S7007681E,S1483342G,20-12-2011
820,S5856170B,S6505514W,15-12-2000
821,S8435454O,S2526745K,18-06-2009
822,S3828072U,S5633830K,15-03-2011
823,S3100678C,S4004274M,20-10-1994
824,S2255290C,S4004274M,22-10-2004
825,S2198863C,S7854499W,31-03-2001
826,S7516837T,S2526745K,03-06-2004
827,S6861104M,S4004274M,26-07-2009
828,S4628957O,S3623914K,28-03-1998
829,S3171644V,S2526745K,17-03-2000
830,S8547076V,S4004274M,26-03-2011
831,S5348287R,S5119711C,30-04-2004
832,S8200946M,S3623914K,18-06-2001
833,S9354638B,S2526745K,06-03-2008
834,S4883176S,S6336826K,05-02-1988
835,S1911722I,S1361500H,10-12-2016
836,S4464666C,S1483342G,09-10-2013
837,S6960401V,S5633830K,06-09-1988
838,S6348568M,S6505514W,10-07-2017
839,S4309901A,S6336826K,23-12-1981
840,S3938174J,S5119711C,15-06-2006
841,S7296890S,S6505514W,10-10-2016
842,S6640132A,S2526745K,08-05-1983
843,S3617193O,S1361500H,03-10-2018
844,S1760554X,S5119711C,07-09-2015
845,S8926101S,S5633830K,07-12-1994
846,S6930105K,S1361500H,01-01-2001
847,S5278313V,S2526745K,14-07-1991
848,S8945766O,S5119711C,28-06-2015
849,S7133907P,S5633830K,17-09-1992
850,S8317441X,S7854499W,07-03-2009
851,S8716588D,S1483342G,03-03-1987
852,S6655947K,S2526745K,11-12-2003
853,S8468749O,S5119711C,03-04-2018
854,S7058003Z,S6505514W,17-05-1997
855,S5948196U,S6336826K,25-06-2017
856,S3171644V,S5119711C,20-08-1985
857,S8242756J,S2526745K,30-07-1983
858,S8855049J,S2526745K,06-11-1985
859,S4088765B,S1483342G,09-04-1990
860,S3164536J,S1483342G,02-04-2009
861,S1469889Q,S2526745K,03-01-1988
862,S4959927M,S6505514W,05-10-2006
863,S1543299A,S3623914K,08-12-2001
864,S4109495F,S7854499W,05-06-2002
865,S8847944E,S5633830K,19-02-1980
866,S2555013J,S5119711C,01-11-2015
867,S7692966K,S1361500H,28-04-2015
868,S7599653J,S6336826K,04-04-1997
869,S1501823G,S1483342G,02-09-2016
870,S8242756J,S5633830K,02-12-1983
871,S9299242M,S5119711C,25-05-2014
872,S8327207N,S3623914K,02-02-2001
873,S2823984U,S1361500H,08-09-1991
874,S4611311L,S4004274M,21-06-1981
875,S3617193O,S6336826K,07-03-1996
876,S2356252O,S6505514W,20-11-1994
877,S3767857O,S3623914K,23-09-2007
878,S6552190D,S2526745K,10-05-1986
879,S3223873S,S5119711C,20-04-1997
880,S2934345Q,S6505514W,19-09-2000
881,S1664089J,S1361500H,05-01-1998
882,S8667408P,S6336826K,26-11-2008
883,S5973648C,S7854499W,13-06-2007
884,S1368671D,S4004274M,10-12-1988
885,S3550866N,S2526745K,10-03-1996
886,S3773358A,S6505514W,15-01-1982
887,S8417754J,S7854499W,31-07-1999
888,S8663634D,S7854499W,09-06-1984
889,S7087806O,S7854499W,18-05-1993
890,S3294588W,S6336826K,18-01-2012
891,S8520040W,S7854499W,24-07-2004
892,S1443657D,S4004274M,04-08-2016
893,S4478656U,S3623914K,25-06-2003
894,S8468749O,S6336826K,05-11-1996
895,S7943742K,S2526745K,16-11-1992
896,S3500541Q,S1361500H,29-09-2001
897,S7654224X,S6505514W,24-11-1982
898,S9662375M,S7854499W,09-12-1988
899,S7449357N,S4004274M,31-08-2005
900,S3525306X,S6336826K,05-08-2003
901,S6709046D,S5119711C,23-09-2001
902,S8422101K,S4004274M,27-05-2013
903,S5114500C,S5119711C,25-03-1999
904,S5872730E,S7854499W,30-07-2015
905,S6213229Q,S7854499W,14-09-2016
906,S1603997Y,S5633830K,29-06-2000
907,S9665353E,S5119711C,04-11-1991
908,S9985656V,S6336826K,05-07-1987
909,S2798277D,S1483342G,27-05-2013
910,S7256244R,S6505514W,06-05-1999
911,S2177632W,S7854499W,03-11-1995
912,S4645936M,S3623914K,20-08-2015
913,S5144111L,S1483342G,24-06-2001
914,S6655356A,S5633830K,09-02-2016
915,S4478656U,S2526745K,15-02-1995
916,S7337461K,S7854499W,22-02-2010
917,S2260721E,S5119711C,20-04-1984
918,S7426979P,S4004274M,27-12-2001
919,S2964196S,S1361500H,26-06-1995
920,S3564022P,S7854499W,14-03-1989
921,S5947580U,S3623914K,21-09-2018
922,S7680836K,S3623914K,12-01-1989
923,S2913125R,S5119711C,28-12-1982
924,S4953945W,S2526745K,07-02-2000
925,S6757774E,S5119711C,28-06-1983
926,S1516037V,S1361500H,07-08-1997
927,S2381966Y,S7854499W,30-08-1988
928,S7697028J,S6336826K,05-05-1985
929,S8146454Q,S1483342G,14-10-2015
930,S5724356N,S2526745K,20-06-1998
931,S1691197D,S6336826K,02-11-1985
932,S8520697O,S4004274M,22-06-2014
933,S9612153O,S4004274M,06-02-2008
934,S1754041L,S1361500H,21-09-2014
935,S5133490Y,S5119711C,01-05-1993
936,S9171677H,S5633830K,20-10-2007
937,S8325585W,S7854499W,07-02-1998
938,S2934345Q,S3623914K,08-06-1987
939,S1800068S,S1361500H,30-12-1985
940,S4464666C,S6505514W,20-01-1988
941,S3487695C,S5119711C,11-03-1986
942,S7317410K,S1483342G,30-03-2003
943,S1137722V,S5119711C,21-06-2005
944,S7670262F,S5119711C,02-11-2012
945,S8468749O,S4004274M,13-01-1995
946,S2771472D,S6336826K,07-01-1983
947,S4464666C,S3623914K,24-06-2000
948,S3819981F,S1483342G,07-07-1996
949,S8017571G,S3623914K,26-06-2001
950,S1556694G,S1483342G,26-07-1992
951,S5348287R,S1483342G,09-01-2008
952,S7054318S,S7854499W,17-08-2018
953,S2771947F,S4004274M,18-07-2003
954,S2151797Q,S5119711C,10-04-1995
955,S8847461D,S5633830K,17-02-2018
956,S3627112D,S1361500H,18-03-2003
957,S4569307S,S6336826K,19-05-2005
958,S9705213I,S7854499W,13-06-1998
959,S3767857O,S1483342G,16-01-1986
960,S8146454Q,S6336826K,30-12-2003
961,S1516037V,S2526745K,08-10-1990
962,S9350585J,S4004274M,20-07-2010
963,S6425083S,S2526745K,27-04-1985
964,S3228164W,S6336826K,03-02-1982
965,S1921321U,S1361500H,07-12-1982
966,S4758581M,S2526745K,03-09-2008
967,S8675839E,S5633830K,16-12-2005
968,S5403785R,S1483342G,30-04-1982
969,S8564662A,S2526745K,17-07-2015
970,S2107249Y,S4004274M,16-11-1999
971,S2853894X,S5119711C,08-09-2013
972,S5644615J,S1483342G,23-05-1988
973,S1027699D,S6336826K,21-06-2001
974,S3564022P,S5633830K,26-06-1996
975,S8882982F,S6336826K,06-04-2000
976,S6655356A,S6505514W,21-12-2016
977,S7794628I,S7854499W,26-06-1988
978,S9778032F,S4004274M,18-10-1991
979,S6997766X,S6505514W,09-09-1987
980,S9488406S,S6505514W,13-08-2013
981,S6846213U,S2526745K,16-09-2001
982,S1769429E,S6336826K,30-12-2000
983,S3632347D,S6336826K,29-04-2004
984,S2164919C,S6505514W,13-02-1981
985,S8876868K,S4004274M,04-12-2011
986,S2798277D,S7854499W,20-04-2012
987,S2584674F,S1361500H,24-05-2013
988,S6606315X,S1361500H,15-11-2002
989,S3888591G,S1483342G,04-05-2007
990,S7875159X,S1483342G,23-10-2017
991,S4116179E,S7854499W,11-02-1983
992,S2206032T,S2526745K,26-10-2006
993,S1543299A,S5633830K,26-09-1995
994,S7316229L,S4004274M,16-05-1997
995,S3564022P,S5633830K,12-09-2006
996,S6626104I,S1361500H,08-02-1990
997,S2784495R,S5633830K,03-06-2002
998,S7831455Y,S5119711C,31-05-2008
999,S4122501T,S6505514W,22-10-1991