id,first_name,gender,NRIC,Age,Postal Code,Contact
1,Arty McDaid,Male,S5973648C,59,257827,65186631
2,Emelen Cowlam,Male,S2300778O,95,633639,64614021
3,Stanwood Searsby,Male,S2555013J,93,323081,62378042
4,Donn Silversmid,Male,S6606315X,52,231575,65382044
5,Nataniel Roby,Male,S2332864N,95,573197,61337385
6,Lani Caught,Female,S4005763L,78,213191,69050547
7,Dulce Iorillo,Female,S1461835H,104,701187,62930724
8,Madelena Etock,Female,S7609037I,42,349100,60564355
9,Pauli Buxam,Female,S7831455Y,40,078119,66412652
10,Lenette Tretter,Female,S5133490Y,67,328348,66586060
11,Sande Ritmeier,Female,S4336024Y,75,189937,66369751
12,Pammie Gallon,Female,S2324432M,95,364042,67867589
13,Garv Playden,Male,S3554645V,83,347597,60931083
14,Robbyn Kemm,Female,S2045486J,98,619720,66163355
15,Reilly Henzley,Male,S8049819G,38,544719,65134327
16,Peterus Brankley,Male,S2322915V,95,724844,66638748
17,Karita Divisek,Female,S7956124W,39,437993,62964478
18,Cesare Shakesby,Male,S2554242I,93,159223,64385709
19,Sidonia Bartocci,Female,S8330773Y,35,158476,69383800
20,Astra Geggie,Female,S6930105K,49,218034,64941898
21,Emelita Bartholin,Female,S2789615A,91,407220,61532813
22,Celle Kiff,Female,S6425083S,54,246526,64464179
23,Leanna Narbett,Female,S1990560B,99,507613,60699242
24,Harriet Robet,Female,S4844032T,70,233367,68717966
25,Jesselyn Gullefant,Female,S7234427S,46,660588,60481121
26,Fredra Pesselt,Female,S3564022P,83,542413,67859146
27,Gerhard Potkin,Male,S7971670R,39,321810,64810749
28,Celka Aggis,Female,S3270243Z,86,460657,66073178
29,Joleen Shellard,Female,S7380271J,45,420957,65225013
30,Tamas Joule,Male,S5085083P,68,233397,62681252
31,Nola Belt,Female,S7794628I,41,440723,68691432
32,Glen Prigg,Male,S2260721E,96,588722,61241598
33,Adham Champneys,Male,S9837045B,20,601075,68893788
34,Leonhard Abrahamsohn,Male,S7524741N,43,706327,62717068
35,Lurlene Posthill,Female,S7256244R,46,397569,69142577
36,Brod Ord,Male,S1153588J,107,232635,63390791
37,Saleem Caudle,Male,S9808185L,20,617106,60863565
38,Zeke Snow,Male,S5770438E,61,627002,66802217
39,Garth Vasilchenko,Male,S5922788M,59,332325,69570801
40,Dehlia Capener,Female,S2093366N,98,063751,61982250
41,Hendrick Bounds,Male,S2952296N,89,394062,69799377
42,Elisa Folkes,Female,S6677034L,52,513642,66657392
43,Marlowe Kermit,Male,S6154911V,57,606590,62202041
44,Lenna Giacomello,Female,S7475339B,44,640690,67603995
45,Ami Gibberd,Female,S1941236E,99,489150,64796055
46,Pernell Wayte,Male,S2862263A,90,709449,60384362
47,Briano Ridsdell,Male,S2329053B,95,692494,66089882
48,Del Meenehan,Male,S2784495R,91,685365,66834239
49,Tedie Tokell,Male,S6175411U,57,250976,61007055
50,Zaria Haccleton,Female,S8591586J,33,467455,67716985
51,Cazzie Ruppel,Male,S8871059Z,30,699662,60476114
52,Grayce Sextone,Female,S7194563X,47,595511,62288595
53,Anthiathia Kewish,Female,S1313437L,105,404691,61800987
54,Pall Deerr,Male,S7337461K,45,458234,62163850
55,Goran Walrond,Male,S4122473A,77,333847,69462241
56,Theodore Poxson,Male,S2736077R,91,343146,63414459
57,Lutero McFadyen,Male,S4478656U,74,629089,65993946
58,Fran Ricardin,Male,S2870786T,90,530191,68828584
59,Wallie Maidstone,Male,S9752291E,21,461218,67176528
60,Stillman Rock,Male,S3790300B,81,168575,63724090
61,Hobey Batrim,Male,S1070583A,108,689860,67511342
62,Mose Sanson,Male,S9414099B,24,080036,61106898
63,Yoshiko McIlwain,Female,S2964196S,89,682466,60758283
64,Wiatt Morteo,Male,S5745630Q,61,282029,63437411
65,Dick Piwall,Male,S1769429E,101,268429,66349168
66,Mollie Doag,Female,S1368403S,105,706652,62205376
67,Elspeth Glennon,Female,S1121093R,107,509196,62734318
68,Benetta Whitnall,Female,S5528988Q,63,552873,67470687
69,Elmer Thaxter,Male,S2177632W,97,058470,63695458
70,Bone Haggis,Male,S8098361L,38,527848,60662581
71,Lorne Gouly,Female,S1501823G,103,555771,65464949
72,Lexy Payne,Female,S4534094S,73,449579,65152250
73,Skip Rummer,Male,S6640132A,52,496675,60082654
74,Jerrylee Lean,Female,S5386612P,65,338884,69845569
75,Curr Stiegers,Male,S4015447J,78,408193,63117422
76,Errick Cross,Male,S9143579V,27,654062,67664423
77,Anselm Deuss,Male,S6231832Y,56,284239,69206497
78,Astrix Millsom,Female,S2798119X,91,461232,68785140
79,Huberto Rennicks,Male,S9446691F,24,332324,60301760
80,Maxine Dockerty,Female,S8518288I,33,175609,68651531
81,Denise Beckhouse,Female,S8729984J,31,227351,65806282
82,Vernen Boller,Male,S9154542D,27,047534,66079389
83,Eachelle Dukes,Female,S1566313Y,103,421901,66606334
84,Emory Harlett,Male,S6099446D,58,203155,61715957
85,Letizia Audry,Female,S1159414B,107,369987,66085554
86,Holt Pickless,Male,S2253434Q,96,680528,61976525
87,Madge McIlvenna,Female,S6578670U,53,193032,60315298
88,Corie Wisniewski,Female,S5766863N,61,550841,65542454
89,Joshuah Jumeau,Male,S1064786R,108,650544,64403630
90,Ronald Maxwell,Male,S2438806Y,94,418815,62001147
91,Alvinia Legan,Female,S1087713N,108,503078,63504559
92,Joyce Freeland,Female,S3932127R,79,036759,62759594
93,Leela Mallison,Female,S8739821O,31,025003,63929415
94,Nolie Kirkbride,Female,S8923095F,29,151238,67920021
95,Jose Pacheco,Male,S1878787I,100,437865,69693772
96,Curr Leamon,Male,S4066376W,78,690285,62910242
97,Hedda Pocock,Female,S5034378K,68,705014,67952671
98,Marsiella Odda,Female,S5464583Z,64,123587,64599404
99,Doralyn Griswood,Female,S5517253G,63,036169,67246620
100,Bernadina Creasey,Female,S6606778S,52,175279,66934562
101,Lay Summerlee,Male,S9208481V,26,502831,62668627
102,Mendy Loffill,Male,S1413860D,104,377443,62764678
103,Nikola Balchin,Male,S1395070L,105,086443,63333285
104,Reube Sexti,Male,S6277865J,56,708744,68564461
105,Alick Mahmood,Male,S1333752W,105,162327,67185230
106,Shena Cristofol,Female,S8664016F,32,629954,66500476
107,Audi Koeppe,Female,S8416430J,34,293560,62233167
108,Douglass MacNally,Male,S4088765B,78,194595,65004352
109,Seamus Mattevi,Male,S3665292A,82,507391,62487662
110,Bettine Joberne,Female,S3888591G,80,611464,68373502
111,Richie Mac Giolla Pheadair,Male,S9368583H,25,195241,63522561
112,Tera Yeliashev,Female,S3510053H,83,265029,63878283
113,Brandy Gloyens,Female,S9459775O,24,033031,68488455
114,Biron Shreeve,Male,S1187476M,107,240139,65447864
115,Rafaelita Dennington,Female,S7944919P,39,138652,63471708
116,Gradeigh Lux,Male,S5856170B,60,175311,68130593
117,Robinette Yearnes,Female,S3487695C,84,270522,61167605
118,Seumas Brightman,Male,S2625266K,92,573546,61234042
119,Melvin Errichiello,Male,S3647184U,82,333546,66547497
120,Adrianne Teanby,Female,S9404852I,24,721977,64441815
121,Luisa Reder,Female,S6471930I,54,341003,63334696
122,Emilee McAlinion,Female,S4821364J,70,633380,67752470
123,Denny Oake,Female,S2761085F,91,233405,64542248
124,Dinny Ordish,Female,S7416228D,44,100335,66683359
125,Clemente Westphalen,Male,S3079620S,88,694198,61983265
126,Bart Semble,Male,S9649502K,22,064534,61053142
127,Gray Addams,Male,S4920628R,69,038248,61213687
128,Krishnah Byrcher,Male,S1404973J,104,127597,68935385
129,Marena Retchless,Female,S1530227B,103,533689,66267016
130,Toinette Utridge,Female,S6241860K,56,233306,69661218
131,Carmelia Crawshaw,Female,S1664089J,102,265386,68262784
132,Jemima McCarl,Female,S3819981F,80,462201,69097155
133,Mellie Hiddersley,Female,S4009409B,78,014988,64713860
134,Joanie Banaszkiewicz,Female,S7167431V,47,472534,64209618
135,Kain Brozek,Male,S4631416M,72,454231,67783951
136,Missy Titcom,Female,S2449583J,94,305611,69816935
137,Averyl Barbera,Female,S4781723X,71,019102,67110142
138,Caye Georgievski,Female,S1481527D,104,076771,61855697
139,Ninnette McGiffie,Female,S7876724D,40,597998,64009438
140,Pansy Sadgrove,Female,S6292274G,56,072649,66005052
141,Dale Tregunna,Female,S6561110L,53,328910,63710531
142,Olivero Beakes,Male,S9697298B,22,571240,68875633
143,Shurlocke Weeds,Male,S9664123P,22,633024,64205406
144,Shem Artharg,Male,S5391730I,65,236522,68571906
145,Rex Coxhell,Male,S8420522Z,34,455751,62584534
146,Worth Beasley,Male,S6318938W,55,649307,61543333
147,Suzanne Dominichelli,Female,S2280732U,96,681753,67123078
148,Hamil Kennady,Male,S5945614M,59,354617,61221848
149,Blondelle Eburne,Female,S3645134R,82,533040,60044536
150,Rowney McEnhill,Male,S9038482F,28,729733,67251711
151,Marianne Spincks,Female,S9612669F,22,427495,62435271
152,Bessie Littlecote,Female,S2339040C,95,704890,66747514
153,Cherye Garwill,Female,S5569299P,63,093483,68647400
154,Dian Derks,Female,S6417027N,54,351079,63584857
155,Ediva Bayman,Female,S4400519D,74,500066,66730678
156,Lonni Konneke,Female,S9612153O,22,261369,63395281
157,Yasmeen Foad,Female,S4898497V,70,051749,62197987
158,Boycey Worsham,Male,S8675839E,32,349177,63293908
159,Brock Flintiff,Male,S5606305X,62,604151,66200577
160,Mada Philson,Female,S9820079Z,20,163636,68605273
161,Rani Scolli,Female,S7943742K,39,183309,64644676
162,Gary Gristwood,Male,S6785868O,51,217700,68314096
163,Basil Rodgers,Male,S1414468E,104,117140,67172130
164,Kelsi Landy,Female,S9027509P,28,320825,67336307
165,Mommy Quickfall,Female,S7680836K,42,447282,66120913
166,Whittaker Sharplin,Male,S8902247I,29,729838,60096599
167,Ely Simmon,Male,S4018703W,78,442257,64098416
168,Cleavland Blazevic,Male,S2934345Q,89,604302,61657007
169,Andriette Mapstone,Female,S4140290O,77,016264,68113714
170,Hill Shayler,Male,S9780705O,21,501980,66659502
171,Colin Stroud,Male,S4421534D,74,156688,69029754
172,Reid Playhill,Male,S8873637T,30,075159,65414430
173,Stormy Windeatt,Female,S7858555P,40,557185,65526287
174,Goldie Daintier,Female,S9648573S,22,650322,63675862
175,Laurie Dehm,Female,S1047837O,108,182807,67176711
176,Gus Zecchetti,Male,S1524677M,103,432834,67646617
177,Alia Ajsik,Female,S8890060M,30,553575,60623308
178,Abbe Coslitt,Male,S1867030F,100,204168,66107403
179,Chaunce Dundredge,Male,S2120662Z,97,500485,60509208
180,Guthry Sappy,Male,S4407150N,74,271435,62787853
181,Lynett Burd,Female,S7184239M,47,376081,67903371
182,Foss Billows,Male,S5503056A,63,255618,65310729
183,Alleen Bisacre,Female,S8483323Y,34,488963,60968368
184,Kalindi Wheeliker,Female,S1000057A,108,438186,66771397
185,Hedda Carlos,Female,S1691197D,102,648699,69824572
186,Cynthea Bright,Female,S3034597S,88,599766,62932652
187,Pansy Vedikhov,Female,S1069163V,108,070142,61074247
188,Fifine Mayo,Female,S4980626L,69,413289,68112103
189,Veronique Golt,Female,S7067575S,48,712861,62581788
190,Kimball Finlry,Male,S7304116U,45,438646,67807248
191,Jermayne Josh,Male,S3828072U,80,543028,64545926
192,Raquela Mullett,Female,S4669202P,72,212748,64159061
193,Shandee Linggard,Female,S7484962L,44,189057,65931864
194,Carmine McFadin,Male,S5281795N,66,107016,65393149
195,Davida Danilin,Female,S5403785R,64,515566,62801906
196,Kip Petherick,Female,S8146454Q,37,142006,68717785
197,Gladys Orme,Female,S9472218B,24,384850,67505330
198,Theobald Corday,Male,S8821204Q,30,274995,62906955
199,Janessa Wrankling,Female,S8653215K,32,266784,68362639
200,Matt McAlinion,Male,S8547076V,33,452814,63637211
201,Rees Rummer,Male,S8693653E,32,034926,67070435
202,Kare Mottini,Female,S3914156O,79,597741,64441898
203,Brannon Sponton,Male,S7589815E,43,661780,68310752
204,Sid Pucker,Male,S7007681E,48,566438,61032891
205,Gunter Yorath,Male,S6795540Y,51,369636,65677296
206,Jody Witt,Male,S8087270C,38,396373,67733600
207,Mitchael Fewless,Male,S9334295M,25,071575,66239527
208,Lelah Hateley,Female,S1066747F,108,569530,64221892
209,Broddy Earles,Male,S2448840B,94,489314,64662544
210,Kamilah Glynn,Female,S5947580U,59,622493,67916936
211,Andrej Pearman,Male,S6709046D,51,434743,63374884
212,Alard Johnsey,Male,S9838244B,20,098373,69282655
213,Antonin Crutch,Male,S7875159X,40,191816,69611538
214,Elbert Haig,Male,S9547330Q,23,256320,68916354
215,Marie Adel,Female,S4845206X,70,442731,65337498
216,Ashley Dawtre,Female,S7426979P,44,108276,60346685
217,Stirling Keedy,Male,S1911722I,99,625626,67467266
218,Morrie Lovstrom,Male,S3177549D,87,678410,62270045
219,Lesya Dumbreck,Female,S2462506B,94,596834,62111057
220,Shaine Lebbern,Male,S6276727U,56,214264,69373020
221,Drusi Sperling,Female,S1516037V,103,540794,62898317
222,Isadora Jephcott,Female,S7559015Q,43,030514,64788699
223,Gavin Pol,Male,S6346472Q,55,728080,63717751
224,Ivett Denman,Female,S6270244W,56,691316,64159722
225,Chickie Kerkham,Female,S8944124W,29,076047,64525101
226,Aurthur Polle,Male,S3005533X,88,033008,64647137
227,Lorry Volks,Male,S8106105W,37,447001,67355002
228,Winnie Owens,Male,S2771472D,91,223284,66752842
229,Clemmie Case,Male,S3451249Y,84,172959,60721423
230,Millie Gatecliff,Female,S1368671D,105,224531,68120830
231,Saundra Bennellick,Male,S7624747K,42,535822,67704346
232,Reed Bricksey,Male,S1469889Q,104,060665,66800877
233,Taddeusz Fells,Male,S4826916L,70,355802,66446193
234,Mari Aleksankov,Female,S9354638B,25,474179,62030116
235,Augustin Buttriss,Male,S7906874Y,39,714518,60995377
236,Delphinia Birrane,Female,S6407277F,54,333397,64531955
237,Aldin Peche,Male,S6535648R,53,397308,65581112
238,Amye Rugg,Female,S7216033E,46,136001,68964798
239,Franky Hendonson,Male,S3598756T,83,142292,69352602
240,Jessie Hackinge,Female,S7357144K,45,201168,69047761
241,Adora Kinver,Female,S3016017R,88,527988,66862195
242,Tammie Segrave,Male,S7890445T,40,262408,65439075
243,Worthy Nafziger,Male,S5948196U,59,082892,64038059
244,Nikki Bartosiak,Female,S1347935S,105,227306,64610805
245,Hali Ulrik,Female,S9705213I,21,063691,65354771
246,Cal Whiten,Male,S2291221N,96,370828,63659617
247,Elliott Hemstead,Male,S4813973D,70,160576,68475131
248,Alberta Kalinowsky,Female,S2198711U,97,304516,68593875
249,Debi Sproul,Female,S9901637V,19,417971,62076731
250,Sauncho Barzen,Male,S4105755F,77,715504,68786352
251,Gawain Adnams,Male,S1966806K,99,058209,63293756
252,Christine Grimmer,Female,S3595082P,83,721962,64747297
253,Gram Hardwell,Male,S5887373L,60,333135,66991578
254,Perice Saffle,Male,S3168843N,87,653010,69774514
255,Willette Hexter,Female,S6655356A,52,612924,67758766
256,Misti McGreal,Female,S1781730G,101,224548,66690855
257,Chicky Jorger,Male,S1603997Y,102,340851,62914272
258,Butch Sherrocks,Male,S3654759E,82,426416,65412355
259,Dalli Josefowicz,Male,S6846213U,50,237149,66949483
260,Giulia Morsom,Female,S2151797Q,97,219720,67735171
261,Martyn Ashley,Male,S1877977C,100,152460,67658270
262,Aprilette Dieton,Female,S9838202W,20,071773,64119037
263,Christiana Cunde,Female,S8347198H,35,419173,62028875
264,Neille Hume,Female,S6026284J,58,390613,67751134
265,Branden Speddin,Male,S9926354X,19,162177,68293409
266,Nicholas Champagne,Male,S2469992Y,94,054784,65484606
267,Petronia Stanlack,Female,S8049304U,38,078206,60933787
268,Madelle Bemand,Female,S5428212L,64,714174,64058438
269,Giana Kisbee,Female,S8395005M,35,117270,66536285
270,Scottie Boneham,Male,S1849371O,100,302710,63995730
271,Cortney Meuse,Female,S1027699D,108,573542,62276000
272,Penny Grabban,Male,S1438502D,104,243762,68954548
273,Mirna Cours,Female,S8847461D,30,721040,66607611
274,Heinrik Lyard,Male,S4873257L,70,430177,63476077
275,Correna Castro,Female,S1326633K,105,026054,64072567
276,Malvin Murtell,Male,S1800068S,100,632387,69364439
277,Chrystel Goretti,Female,S9677613G,22,430281,69575889
278,Korrie Everiss,Female,S6553273X,53,461689,62432087
279,Antonie Waghorn,Female,S5681855J,62,522007,63674284
280,Agnes Rounce,Female,S9076155B,28,450981,61656136
281,Jocko Topaz,Male,S6463416O,54,325586,68572921
282,Leisha Strangeway,Female,S4628957O,72,387350,67703235
283,Bevvy Fairham,Female,S6528238G,53,473811,67162991
284,Blondie Callar,Female,S3536986X,83,149540,68770321
285,Emmalee Peers,Female,S6164363G,57,151642,69681414
286,Demott Benedyktowicz,Male,S3914289N,79,163700,66774886
287,Dannie Wyley,Female,S7174067H,47,191702,62212148
288,Jacobo Ilieve,Male,S7177751P,47,043851,69676618
289,Mort Pullinger,Male,S4378176B,75,280497,63228032
290,Joyous Toolan,Female,S3619132Q,82,265602,63867641
291,Titus Bowery,Male,S8335051Z,35,034251,61928012
292,Rhett Lomath,Male,S4130238T,77,654938,63389271
293,Elizabeth Cardow,Female,S9303623Z,25,677807,67394481
294,Pamella Puckinghorne,Female,S2649854U,92,262133,63900250
295,Hugues Reglar,Male,S9068435Z,28,453341,66388266
296,Kayne Acreman,Male,S2472658O,94,014019,68584527
297,Rheba Hutson,Female,S3228164W,86,310860,63063375
298,Sinclair Robardet,Male,S3437835A,84,156357,67598450
299,Sam Rieger,Female,S1320010F,105,255753,66555643
300,Zacherie Miller,Male,S7133907P,47,580861,68886336
301,Glenna Guild,Female,S4167606I,77,390192,65581833
302,Teresina Hassey,Female,S2323167Q,95,423491,66009784
303,Valentine Roskell,Male,S5231793R,66,571145,62405565
304,Marylou Keyho,Female,S2039411N,98,012991,67902328
305,Jermaine Squibbes,Male,S4788672P,71,606969,62458256
306,Rupert Keveren,Male,S2823984U,90,076174,68654947
307,Viva Blackbrough,Female,S7892170K,40,705564,64879147
308,Garrik Arnholtz,Male,S8242428Q,36,436474,67064608
309,Nonie Castelow,Female,S2916993Q,89,180855,64895455
310,Thaddus Lyburn,Male,S9596900V,23,660365,60102085
311,Barthel Rawlingson,Male,S4608423V,72,043905,66635165
312,Lorrie Alderson,Male,S2166973L,97,013509,67495930
313,Idell Colthard,Female,S3176657I,87,499245,61782493
314,Stanislaw Winfred,Male,S1852447D,100,329023,66347592
315,Elwin Lowthian,Male,S9502710I,23,202753,62607740
316,Artair Taffley,Male,S2164919C,97,293675,65796695
317,Marcelo Wilder,Male,S7753503R,41,391182,64269500
318,Rouvin Gilford,Male,S3164536J,87,604611,61614503
319,Horatius Stanman,Male,S2371191X,95,529131,61548275
320,Helen-elizabeth Chastaing,Female,S4424024Y,74,010124,63796366
321,Hector Wragg,Male,S6487241Z,54,485839,69247287
322,Rosa Bonellie,Female,S3760912D,81,523429,62228847
323,Neddy Branston,Male,S5499659W,64,268659,62950103
324,Barnabas Burker,Male,S6757130U,51,620809,67863014
325,Melisande Leades,Female,S2452407R,94,234851,68073273
326,Celestine Schwander,Female,S9939317R,19,302122,62831698
327,Tades Rodrigo,Male,S1994682P,99,541331,67834189
328,Dall Kirsz,Male,S3671093M,82,543440,63807275
329,Burnard Hadcock,Male,S6039998E,58,439567,61537574
330,Boy Leveridge,Male,S8648994W,32,443800,68854265
331,Beverlee Symon,Female,S7052204H,48,529991,69334486
332,Jeanelle Goldin,Female,S1921321U,99,173982,68081282
333,Ardine Oddboy,Female,S5234275Y,66,635515,64686085
334,Roma Yarrall,Male,S1137722V,107,291356,69766059
335,Patrizio Harrie,Male,S9874695B,20,650747,62588357
336,Florrie Shakespeare,Female,S2107249Y,97,173774,66101399
337,Randene Guerriero,Female,S1088184S,108,724681,65185403
338,Sybila MacTrustram,Female,S7391951B,45,546223,60530326
339,Jane Lowman,Female,S1002874L,108,226195,60928596
340,Claiborne Grubey,Male,S7119780G,47,592852,62558903
341,Alexei Katz,Male,S1233850D,106,316698,68186194
342,Devin Oslar,Female,S4431924Q,74,118301,68159563
343,Devin Ingarfield,Male,S6938957G,49,570124,66577450
344,Marc Sawden,Male,S2827199D,90,129790,62984635
345,Barnard Gallemore,Male,S7034129C,48,199855,68107495
346,Ainslee Guerra,Female,S5436097T,64,317030,68772341
347,Katleen Diloway,Female,S9549056L,23,078359,66362432
348,Chev Bircher,Male,S7290411Y,46,073528,63715648
349,Inesita Fritchley,Female,S1717365B,101,716145,67811751
350,Sherlock Meardon,Male,S7670262F,42,130404,61458821
351,Willem Wickman,Male,S4789143S,71,135626,64058213
352,Hadria Pullinger,Female,S8200946M,36,537689,61164314
353,Cordie Legrave,Female,S7298451A,46,263122,67850875
354,Lorilee Lademann,Female,S9821334C,20,526771,67894139
355,Sisile Skitt,Female,S4684962U,72,207890,63066498
356,Dora Davidescu,Female,S6319783Z,55,604928,63658639
357,Moishe Still,Male,S8547853L,33,319797,68414318
358,Brigg Herkess,Male,S2330713T,95,189328,61668019
359,Farand Stredder,Female,S6993281N,49,378586,64386868
360,Hailee Chadbourne,Female,S8472238D,34,353378,63898217
361,Buddy Reicherz,Male,S9069997H,28,448543,61890190
362,Brita McDaid,Female,S3118370L,87,029946,64841661
363,Orelee Prinett,Female,S4995709K,69,563847,67233342
364,Darlene Pibsworth,Female,S9267508S,26,163155,68053814
365,Shell Mattaus,Male,S9985656V,19,412196,67618052
366,Philbert Plunket,Male,S9200039Z,26,106240,61429491
367,Ivy Conen,Female,S7165441K,47,643634,65674744
368,Milt Creebo,Male,S9928557L,19,720597,60094557
369,Victor De Filippi,Male,S4036577N,78,491086,63162783
370,Zedekiah Nacey,Male,S2814860T,90,344528,64615884
371,Prince Klimowicz,Male,S5114500C,67,119676,69325481
372,Carilyn Patman,Female,S6093408T,58,446827,65585865
373,Meghann Cringle,Female,S3773358A,81,233917,67582222
374,Raymond Ernshaw,Male,S7616883V,42,228537,65884949
375,Nathaniel Toffoloni,Male,S7032633S,48,374328,62023732
376,Will Cough,Male,S2858412M,90,278264,67971371
377,Ebony Guerrieri,Female,S3696595U,82,493673,69976081
378,Yanaton Boyat,Male,S4027808J,78,697127,67427090
379,Benedict Dounbare,Male,S3217023Z,86,706131,68010343
380,Mic Eldredge,Male,S6757774E,51,145211,63852343
381,Izzy Bilham,Male,S6019912T,58,393444,69740445
382,Drusilla Rycraft,Female,S2798820I,91,305554,60416645
383,Dunn Ingon,Male,S2592861H,93,660530,66879255
384,Vinson Pruce,Male,S2482112W,94,490888,67355446
385,Maximilianus Lough,Male,S6839984K,50,711641,63731134
386,Milo Ruhben,Male,S8099534R,38,182467,62291783
387,Brit Clever,Male,S8106137Q,37,015857,61931824
388,Alexandr Oty,Male,S7654224X,42,047989,64707310
389,Rowan Sexton,Male,S7278276X,46,316242,66396027
390,Hamlin Bramwich,Male,S3116063A,87,562887,63458759
391,Quillan Fray,Male,S7402647U,44,138629,64170281
392,Benny Bunhill,Female,S5704150D,61,157107,60360986
393,Madelin Harcarse,Female,S7697028J,42,603346,69493923
394,Aila Beauchamp,Female,S1810079N,100,614584,68931587
395,Hoyt McGrah,Male,S4959927M,69,520921,64294624
396,Billie Riggoll,Male,S6876946V,50,369546,62299875
397,Ollie Judge,Female,S4660677O,72,322815,66874186
398,Ingeberg Adamsson,Female,S8356622K,35,621864,63297676
399,Lynda Mose,Female,S4491696I,74,696017,68501999
400,Jarib Nussey,Male,S2191316U,97,075381,66794994
401,Jillana Kays,Female,S4997290E,69,723984,62848065
402,Ritchie Sjollema,Male,S2798277D,91,725061,69599565
403,Alexandrina Ruston,Female,S9474272Z,24,591348,64043658
404,Juliana Mixon,Female,S4645936M,72,029950,60619093
405,Orren Arnault,Male,S6717881U,51,689453,62336827
406,Arnold Lukock,Male,S1353849U,105,561325,69451516
407,Robb Durnill,Male,S2484089T,94,601425,61229170
408,Izzy Omrod,Male,S1501693P,103,265522,65904411
409,Guss Mackison,Male,S6291360D,56,186545,64633981
410,Brannon Molines,Male,S4109495F,77,185813,68785292
411,Derwin Kurtis,Male,S2584674F,93,382990,67371796
412,Reagan Tiplady,Male,S4952444F,69,708728,63267219
413,Joela MacQuist,Female,S9488406S,24,410085,60493247
414,Harv Pietesch,Male,S8717918Q,31,641265,62479197
415,Amara Perris,Female,S5911026T,59,011605,61074115
416,Abagail Henrionot,Female,S5282261X,66,236793,66067506
417,Doyle Valasek,Male,S1197784I,107,570482,67391697
418,Nadia Juckes,Female,S3942251D,79,462134,63605442
419,Valentijn Geroldini,Male,S8945766O,29,052943,61937879
420,Skippie Goldston,Male,S4116801G,77,672137,65224293
421,Sarina Banks,Female,S2223096T,96,449483,63091193
422,Glynis Ferschke,Female,S2492414H,94,158159,64700494
423,Cirilo Maple,Male,S5090071W,68,185419,69944670
424,Wildon Backs,Male,S6256721C,56,152855,65986236
425,Brade Kamiyama,Male,S1760554X,101,071786,67888698
426,Adlai Haug,Male,S2750525C,91,281982,68905733
427,Elroy Stalf,Male,S9888517R,20,295715,66240350
428,Lorrayne Turbill,Female,S4953945W,69,680346,65611518
429,Tammy McDowall,Male,S7759307X,41,403837,67630900
430,Karie Eisikowitz,Female,S3100678C,87,427981,69391115
431,Walsh Danieli,Male,S7351701M,45,408005,63687169
432,Darnall Murrigan,Male,S2293241W,96,338221,69248698
433,Georgeanne Betteriss,Female,S2535465Y,93,566854,64728299
434,Julie Galton,Female,S2018627K,98,459704,60164821
435,Farrell McGeagh,Male,S2298913K,96,523780,68681843
436,Merrick Ingledow,Male,S6418028I,54,480986,64126766
437,Max Percifull,Male,S5724356N,61,724803,62391440
438,Inigo Simmance,Male,S8432537A,34,448347,68875108
439,Eduard Liquorish,Male,S5365886C,65,456596,60094633
440,Spense Twopenny,Male,S1413734Q,104,516800,62978396
441,Duke Henrych,Male,S9485236E,24,380988,62729433
442,Bartholomeus Alleyn,Male,S4196266F,77,577596,62375038
443,Skyler Carrington,Male,S9269056L,26,366895,67709287
444,Sophronia Dovinson,Female,S5823789B,60,598371,67493599
445,Meridel Gethin,Female,S5644615J,62,066119,60495570
446,Elset Dielhenn,Female,S8627355I,32,697967,60076838
447,Krystle Claris,Female,S2770498A,91,171640,65559976
448,Marcelo Norres,Male,S1692591D,102,249302,63258791
449,Jim Connett,Male,S5144111L,67,201280,68599994
450,Denice Bleackly,Female,S6128205K,57,453558,69346804
451,Leelah Bissell,Female,S6266018G,56,535284,64144277
452,Eyde Townend,Female,S5307762K,65,621624,66145157
453,Kirby Mc Comb,Female,S6455578R,54,576191,66649972
454,Cristin Skirvin,Female,S5962491M,59,343417,68062317
455,Pauly Mushrow,Female,S1201716R,106,456391,64050830
456,Karita Aleksandrov,Female,S3942473O,79,205916,68564700
457,Michele McQuarrie,Female,S2003956C,98,626957,67232021
458,Dory Wansbury,Male,S3279831J,86,464534,65530619
459,Theodor Lowen,Male,S4903829U,69,125037,63110590
460,Mendel Wigley,Male,S8189535E,37,194209,69053428
461,Alisa Hindenburg,Female,S8193768E,37,665642,61774282
462,Cly Viney,Male,S7485214S,44,467652,62938982
463,Corrie Nottingam,Male,S3907154N,79,223264,68937289
464,Hugibert O'Scannill,Male,S3515186J,83,045930,62234230
465,Dorelia De La Haye,Female,S2225716Z,96,475707,68035432
466,Alleyn Karlik,Male,S8441634F,34,699452,69116070
467,Locke Tolwood,Male,S4569307S,73,305217,69767477
468,Jamaal Fearn,Male,S2088514Z,98,386835,66829028
469,Isa Bouldstridge,Female,S7587829D,43,103463,64229308
470,Violette Huddleston,Female,S9279750T,26,685749,62766164
471,Austen Fiorentino,Male,S4282653G,76,522691,62093196
472,Danyelle Coners,Female,S4419365A,74,287282,68654939
473,Astra Spanton,Female,S8528067K,33,251697,62346295
474,Cyrus McDougall,Male,S9516376B,23,287124,69252002
475,Peri Handover,Female,S8562926F,33,356966,68166200
476,Dorita Tames,Female,S4373776B,75,149817,63767343
477,Tory Brookes,Female,S1056341T,108,578133,61303719
478,Hansiain Rendell,Male,S9767016V,21,111947,66841447
479,Jessie Bunting,Male,S3617052B,82,058126,61371396
480,Charlton McKimm,Male,S8590328I,33,057420,68745430
481,Jaquenetta Marson,Female,S9845041U,20,116335,65172973
482,Bale Jimpson,Male,S6918138L,49,170887,69120481
483,Garret Fitzsimon,Male,S3655063L,82,255693,66782825
484,Bartolemo Swanbourne,Male,S1872523N,100,275485,62995126
485,Levin Duck,Male,S2198863C,97,316043,68288143
486,Westley O'Doghesty,Male,S4254912H,76,570468,64671411
487,Sven Thorowgood,Male,S2777811G,91,552458,66062890
488,Noll Rubinowicz,Male,S2839757V,90,261673,63428532
489,Corbett Stedell,Male,S1113420L,107,019056,66574503
490,Nadya Berrecloth,Female,S9574798J,23,372933,65226189
491,Jory Hallagan,Male,S6623076O,52,261577,69629740
492,Frederik Sidebotton,Male,S6633450M,52,319172,64698670
493,Aldon Baddow,Male,S1577058Y,103,284548,68475130
494,Cecil Keson,Female,S4881532P,70,645596,69930287
495,Tatum Cabbell,Female,S6793173A,51,708355,67557783
496,Bink Raun,Male,S9574027G,23,292370,63987443
497,Corey Callar,Male,S3469880K,84,330744,66826198
498,Dahlia Warder,Female,S8939029W,29,364261,60654688
499,Noach Waddams,Male,S7777449F,41,363354,66526051
500,Jenny Antony,Female,S7992401E,39,547554,62101630
501,Micheil Warkup,Male,S2465331H,94,616019,68260693
502,Colin Starbeck,Male,S2125279J,97,497796,66295485
503,Jeanine Dovington,Female,S7559753G,43,656219,64026752
504,Dulci Hawkeridge,Female,S7454724J,44,620272,67869332
505,Agace Minghi,Female,S8716588D,31,637579,65029827
506,Louisa Trittam,Female,S1660863F,102,620049,67917351
507,Nina Dungey,Female,S8957407Y,29,070710,62288237
508,Daune Cabrales,Female,S8520697O,33,686134,69633782
509,Fiona McGookin,Female,S1011719M,108,258962,62698637
510,Cal Wotherspoon,Female,S1298099O,106,231012,64740427
511,Dniren McKeeman,Female,S6442193E,54,683654,66209531
512,Antonio Corington,Male,S6382548X,55,436050,63970210
513,Stanley Samson,Male,S4086747E,78,330733,62275623
514,Austine Knutton,Female,S8513976F,33,388772,66723135
515,Etheline Errichiello,Female,S2347125E,95,024256,61993117
516,Kassandra Hazlegrove,Female,S2012617S,98,073144,69047333
517,Robina Screech,Female,S2485366T,94,088123,60624636
518,Carie Pechard,Female,S4309901A,75,639772,63677724
519,Dani Cuttin,Male,S1556694G,103,231161,66390825
520,Erhard Philliphs,Male,S6641671U,52,212858,63240628
521,Tanya Hradsky,Female,S1726883R,101,624355,60529409
522,Philippe McVanamy,Female,S3550761H,83,337276,68422750
523,Lonnard Soal,Male,S1555162S,103,711326,68343662
524,Perle Stoffersen,Female,S1819124N,100,118408,66576452
525,Meara Imlock,Female,S4637839Z,72,055746,66927271
526,Ahmed Overthrow,Male,S2290948P,96,134149,65278801
527,Carolyn Boshell,Female,S4075788W,78,481238,65869339
528,Adele Caitlin,Female,S1360320V,105,448039,65157190
529,Aguie Liell,Male,S6994505Y,49,216285,67003836
530,Tony Matteini,Male,S1626505U,102,152553,62572412
531,Galen Screase,Male,S8882982F,30,245688,63785419
532,Elbertine Velasquez,Female,S8040292H,38,690987,65231823
533,Janos O'Spillane,Male,S3627112D,82,476096,64624807
534,Jaye Ferroli,Male,S7456583W,44,110104,62746460
535,Danielle Gillbanks,Female,S3143969X,87,089056,63619296
536,Rip Erat,Male,S2259410W,96,510734,63851378
537,Andriana Siemons,Female,S3118066P,87,427597,65077733
538,Sigvard Luke,Male,S6203337O,56,011723,61411944
539,Jessy Gutteridge,Female,S4297701F,76,141813,68275204
540,Lay Fraser,Male,S1865195J,100,412996,61653523
541,Tildi Rauprich,Female,S4351955T,75,197308,65806850
542,Decca Illsley,Male,S4427301Q,74,254288,69300030
543,Judon Gerg,Male,S4972139A,69,041703,69648890
544,Linnet Hackinge,Female,S1184649R,107,068249,62999107
545,Petronille McMylor,Female,S7972496R,39,214100,67392438
546,Goddard Mockett,Male,S1189921N,107,601286,64456380
547,Madlen Bourget,Female,S1443657D,104,675124,60741688
548,Sancho MacShirie,Male,S6921484I,49,050917,61396791
549,Olag Wanless,Male,S7471853P,44,652764,66863018
550,Lion Daveran,Male,S1882817X,100,232313,63014273
551,Chick O'Regan,Male,S7111485F,47,443026,67351652
552,Cassaundra Brozek,Female,S2269800B,96,461282,69785746
553,Arlin Powdrell,Male,S8242756J,36,346421,69542123
554,Clarey Hengoed,Female,S3500541Q,83,518444,67974083
555,Loise Rivelin,Female,S4515397Y,73,642469,61719254
556,Drusie Cross,Female,S9869414I,20,011971,65244270
557,Reuben Tapping,Male,S5995004Y,59,018747,62088751
558,Patty Braley,Female,S4173413S,77,556533,68794782
559,Corette Pairpoint,Female,S1644707O,102,453438,61961208
560,Kerrie Dumphrey,Female,S4333744P,75,708095,60628282
561,Tarrance Chrispin,Male,S6960401V,49,424802,69099917
562,Shani Cumberland,Female,S3679545Z,82,267964,61398567
563,Martainn Tarn,Male,S1901403C,99,138169,64163210
564,Ardath Bradnum,Female,S5830513Y,60,504118,65509563
565,Geralda Rainsdon,Female,S3690224X,82,228127,61311885
566,Suzi Usher,Female,S6929844O,49,708458,66505000
567,Binky Wraggs,Male,S6577097L,53,346064,66709187
568,Vanessa Rubica,Female,S5608895N,62,115226,66529312
569,Wainwright Rutty,Male,S2896436Q,90,320563,67131018
570,Tabbi Castana,Female,S5287620P,66,267339,65832259
571,Bail Renshell,Male,S7484587B,44,170077,64160502
572,Delmor Lauridsen,Male,S8325585W,35,310331,62264149
573,Friedrick Geggus,Male,S8096783S,38,226805,61651342
574,Elke Hatz,Female,S7058003Z,48,667978,68806254
575,Harv Verecker,Male,S2273322P,96,061946,68863147
576,Donia Pridmore,Female,S2405741U,94,412317,63785977
577,Vonni Harrald,Female,S1700230H,101,181609,62766667
578,Gerald Mertgen,Male,S6994467S,49,630929,61387246
579,Levin Entwistle,Male,S4274119I,76,721626,64394005
580,Kellina Zarfati,Female,S9171677H,27,324491,61646884
581,Donnie Piotr,Female,S2478730E,94,351643,69204280
582,Barr Garmanson,Male,S5461271X,64,293642,64426909
583,Tyrus Cain,Male,S2222481Q,96,281351,61497004
584,Ferd Josifovitz,Male,S9817190G,20,250640,63077584
585,Caye Urlin,Female,S7221017P,46,445465,65537087
586,Thoma Elph,Male,S1313308P,105,031803,64804393
587,Deloris Murcutt,Female,S1489313H,104,017923,65858203
588,Cathi Cabrera,Female,S3201394Y,86,562497,68175213
589,Deirdre Simeon,Female,S9350585J,25,218276,68434638
590,Siana Corssen,Female,S6454982D,54,160098,68727218
591,Brianna Gillivrie,Female,S5348287R,65,655535,64409905
592,Kelwin Biddulph,Male,S9665353E,22,301923,63096960
593,Justus Flippini,Male,S2524309O,93,398006,66011868
594,Lesley Holdren,Male,S8131459M,37,267413,67253000
595,Elisabetta Kynder,Female,S1897131C,100,045263,63829904
596,Hanny Kleinert,Female,S2212231X,96,132251,66888785
597,Andrus Annetts,Male,S2885118D,90,197455,64630112
598,Annadiane Goodwyn,Female,S3179425K,87,379867,63077074
599,Zorana Oneile,Female,S3846941S,80,680116,66291914
600,Dolley Gravey,Female,S6824761N,50,235596,69446305
601,Zondra Deftie,Female,S8556112N,33,720321,60067670
602,Dorothea Statton,Female,S1921219Q,99,399374,60917787
603,Frazer Pinwell,Male,S3285496X,86,204986,66333592
604,Laurena Dumingo,Female,S3097977B,88,067197,63592978
605,Dido Callaghan,Female,S4883176S,70,460139,69496687
606,Veradis Obell,Female,S3424805R,84,038582,69942471
607,Reeta Jammet,Female,S6703916G,51,507350,63236101
608,Bink Yakebovich,Male,S5650232O,62,494783,67767348
609,Camala Lockart,Female,S1116734O,107,299713,67527032
610,Dana Langfield,Female,S8855049J,30,532652,62721734
611,Che Fitton,Male,S5040384I,68,420126,69720942
612,Rollins Reicharz,Male,S3748968A,81,558669,66039644
613,Katuscha Rampton,Female,S9658021K,22,307477,61187585
614,Eberhard Rubury,Male,S4951468X,69,676888,64362212
615,Leonelle Mathon,Female,S5690216W,62,108816,69809611
616,Carter Orans,Male,S1543299A,103,600055,66059062
617,Elonore Kneesha,Female,S5140138X,67,380210,67148959
618,Nathan Racher,Male,S6471426H,54,498922,61930226
619,Ertha Gudgen,Female,S1217590Y,106,535192,66885893
620,Timmi Pelling,Female,S7545619N,43,020742,67426252
621,Hasheem Maeer,Male,S4505680Z,73,429927,61650925
622,Eleanora Dawtry,Female,S8004222Z,38,391583,63297583
623,Lucius Lott,Male,S2160648A,97,659128,61607172
624,Max Derle,Female,S2818257I,90,534402,69315901
625,Chrystel Leppo,Female,S5374530I,65,169962,65002822
626,Jeff Esser,Male,S3474308F,84,409240,69281764
627,Kahaleel Moyser,Male,S1001237R,108,050246,63740787
628,Gerrie Jayme,Male,S3135011E,87,471189,61518201
629,Christin Wynter,Female,S6917752H,49,217960,62938080
630,Stanislaw Moxsom,Male,S9099905K,28,545926,60355764
631,Salome Chamney,Female,S3617193O,82,547203,61689973
632,Edmund Douthwaite,Male,S9054147H,28,667405,67361679
633,Jeddy Muggleston,Male,S6917891X,49,631288,62783645
634,Bertina Goldbourn,Female,S3023538V,88,545417,66141058
635,Fran Lynde,Male,S7141740I,47,487648,64292594
636,Sheffie Mallabone,Male,S9038196W,28,322104,62788154
637,Rorie Mountjoy,Female,S5425715I,64,322933,63408279
638,Etan Shewan,Male,S3437003U,84,065882,61981492
639,Tandi Sherbrook,Female,S5352330R,65,206878,66389440
640,Bastian Rookes,Male,S4530487P,73,175945,66075365
641,Starlene Pendered,Female,S4977862I,69,703931,69453118
642,Fee Wittman,Male,S7317410K,45,295256,62489589
643,Moe MacCoughan,Male,S9819005U,20,396049,62457852
644,Frazier Bohan,Male,S3440164Y,84,227569,62384174
645,Janith Arnout,Female,S6771905T,51,709513,65721897
646,Ervin Boag,Male,S8249906R,36,652550,63827603
647,Pennie Skillitt,Female,S8218925C,36,640981,65128759
648,Bogart Pendrigh,Male,S7821484S,40,696837,68110525
649,Marcelo Seeger,Male,S7074688V,48,202337,69609345
650,Eden Cruickshanks,Female,S6348568M,55,503057,62382252
651,Toby Hiddy,Female,S7289788B,46,136283,69455937
652,Auberon Donohue,Male,S1298808W,106,473473,65035134
653,Brennan Davidzon,Male,S2002730C,98,352215,69981236
654,Francoise Brixey,Female,S5278313V,66,510341,62624973
655,Kip Mattheissen,Male,S3171961T,87,249238,68390777
656,Odell Franzoli,Male,S8520040W,33,466782,66220509
657,Lanie Timmins,Male,S2796128O,91,151562,69387314
658,Mellicent Spong,Female,S1892949O,100,056952,69875181
659,Jodi Courteney,Male,S4295864P,76,650017,65653372
660,Iolande Favey,Female,S4286782J,76,568713,69866456
661,Raimondo Hay,Male,S4758581M,71,469723,62303426
662,Arte Thomerson,Male,S5702021D,61,238285,63582567
663,Phylys Champkin,Female,S6285959I,56,165513,69892267
664,Crosby Crocumbe,Male,S8991941F,29,402354,63829202
665,Alic Poskitt,Male,S3745954M,81,417195,60526400
666,Obed Cosens,Male,S5415049T,64,274121,67924473
667,Blakeley Williams,Female,S7087806O,48,138003,64611443
668,Taffy McFaell,Female,S2115535K,97,404173,60649939
669,Vannie Enrietto,Female,S8485883U,34,319443,67724471
670,Everett Lines,Male,S1156967S,107,527870,67165052
671,Everard Varnals,Male,S1756363N,101,705898,64253418
672,Lee O'Hartnett,Female,S1137388U,107,124387,68815633
673,Ulises Rosterne,Male,S8017571G,38,106754,68092890
674,Ody Bothe,Male,S3632347D,82,295694,66318724
675,Markos Gulleford,Male,S2245129Z,96,415838,63645959
676,Chuck Caught,Male,S7048046Y,48,251297,68112561
677,Sabina Flanders,Female,S9662375M,22,207549,66451151
678,Bran Koppe,Male,S2481793G,94,644765,67416815
679,Tobin Jachimiak,Male,S5924219N,59,237503,67708555
680,Erwin Rankling,Male,S5872730E,60,544810,61679357
681,Niven Bassindale,Male,S3700667F,81,449829,66707674
682,Spike Bentley,Male,S4157752Y,77,327322,62766981
683,Annette Fitchett,Female,S7821476S,40,382375,69145781
684,Joel Haukey,Male,S4633122I,72,583167,69902180
685,Ginger Tring,Male,S8706359T,31,375063,65366497
686,Winslow Dreinan,Male,S3525306X,83,033948,69743123
687,Corry Skayman,Female,S6507656F,53,651077,62014373
688,Goldia Duly,Female,S2860299X,90,499467,62470361
689,Bailey Hilbourne,Male,S8371935B,35,517831,67348973
690,Cull Billanie,Male,S7692966K,42,248434,62306414
691,Adler Godridge,Male,S8847944E,30,177078,66019433
692,Teressa Bader,Female,S8667408P,32,288295,67038645
693,Diana Woolstenholmes,Female,S6886015L,50,228939,69079786
694,Colby Hedden,Male,S6313245G,55,303319,63990828
695,Bobinette Thomlinson,Female,S7054318S,48,548084,61678662
696,Michell Povah,Female,S8617728Z,32,626343,64114559
697,Flori Kitchen,Female,S5184355Z,67,214955,62407045
698,Afton Clutram,Female,S9569141Y,23,226135,60564687
699,Marcus Grinikhinov,Male,S2771947F,91,480466,65142453
700,Rosalinde Riddiford,Female,S7830855B,40,306104,66159137
701,Timi Tennock,Female,S4748479T,71,066328,62615540
702,Sayer Rantoul,Male,S1037263Z,108,151082,64911087
703,Brendon Bruineman,Male,S6252443F,56,233967,62188136
704,Martie Burnall,Male,S3767857O,81,356248,61328747
705,Shandy Ghost,Female,S6610110O,52,133018,63097937
706,Celeste Kerans,Female,S7316229L,45,392465,63760849
707,Chad Bohl,Female,S6997766X,49,315035,69819893
708,Druci Smallbone,Female,S3042115H,88,119159,67366786
709,Kerianne Mounter,Female,S8208998B,36,453234,66420511
710,Somerset Borthram,Male,S3550866N,83,477317,60914783
711,Cherida Roughley,Female,S8119613S,37,600102,65293614
712,Bo Fanthom,Male,S5790983G,61,372384,67285531
713,Jasper Knotton,Male,S1066947T,108,407641,67341068
714,Querida Littleover,Female,S8417754J,34,676186,61489347
715,Genevra Keilloh,Female,S7938852B,39,311216,61172934
716,Lowrance Pattemore,Male,S7948331K,39,645237,65048549
717,Gustave Hunter,Male,S5686109K,62,419859,66174082
718,Guthrie McCullogh,Male,S3682928P,82,594121,66502024
719,Bryna Raybould,Female,S8610068F,32,423223,62622450
720,Zolly Longridge,Male,S2397427B,95,484808,65039402
721,Porty Hizir,Male,S5666091A,62,703293,67379386
722,Leela Saterthwait,Female,S2255290C,96,398752,64352640
723,Albert Whewill,Male,S4464666C,74,314290,67696830
724,Rudiger Valentetti,Male,S5393804X,65,537851,69534520
725,Stanislaw Money,Male,S6631686D,52,601191,68948095
726,Gothart McCurlye,Male,S8120429V,37,669802,69975573
727,Bail Fosten,Male,S4812672V,70,425479,62610848
728,Ambros Wolvey,Male,S4212840P,76,273219,64169829
729,Ulrich Mayworth,Male,S2614787U,92,385169,61004857
730,Skye Sparling,Male,S7238208O,46,123947,69881608
731,Ingaborg Vassbender,Female,S4479630V,74,587152,62607427
732,Anselma Davydzenko,Female,S5213732E,66,100203,65624548
733,Viva Fletham,Female,S7227770H,46,035042,68319368
734,Alysa Wrightham,Female,S3101050K,87,031296,60137998
735,Josepha Wilderspoon,Female,S5080123M,68,655635,67976721
736,Scott Blasing,Male,S9253049P,26,536515,69354317
737,Rhea Demaine,Female,S3522801O,83,585943,63207021
738,Andonis Birrel,Male,S8946361F,29,417804,60117675
739,Edmon Robjohns,Male,S1580029F,103,257847,69969026
740,Shaw Ladewig,Male,S4232918M,76,036451,64982081
741,See Ebourne,Male,S1468238G,104,588959,69108952
742,Dagny Victor,Male,S6698805L,52,566077,64834032
743,Siana Simonot,Female,S8988650L,29,633503,63257447
744,Titos Stutter,Male,S3883837A,80,626919,62445402
745,Tirrell Cottem,Male,S6185465W,57,234885,62980977
746,Cathi Ondricek,Female,S4116179E,77,532698,62509066
747,Nestor Woltering,Male,S2040568B,98,595334,66444928
748,Christoph Mattsson,Male,S2373924N,95,475107,64998762
749,Flemming Skarr,Male,S7762610K,41,191619,69742542
750,Ruprecht Hackly,Male,S6213229Q,56,221543,63269317
751,Pier Dowber,Female,S3215465H,86,478656,62887200
752,Alika Frankum,Female,S8192675H,37,036181,66377760
753,Lezley Sambidge,Male,S4252628Y,76,608832,64285585
754,Athena McFarland,Female,S6630182H,52,387457,62107530
755,Archy Sabattier,Male,S6470065N,54,169831,69991114
756,Hayden Dureden,Male,S2321201A,95,559453,66334398
757,Bondie Barkess,Male,S8078496E,38,709704,67744734
758,Jervis Carles,Male,S2381966Y,95,440692,68339272
759,Silvie D'Alwis,Female,S3001820I,88,282722,62923384
760,Ardith Embling,Female,S4021891R,78,400629,63471627
761,Anatollo Frowing,Male,S7847480Q,40,101815,64770281
762,Kareem Harcourt,Male,S4017666B,78,551006,64783059
763,Glenn Houldey,Female,S4995341V,69,614718,69799856
764,Baryram Gritsaev,Male,S6000799C,58,438636,66556671
765,Wenonah Hearfield,Female,S4676526W,72,048079,61495269
766,Bel Bascombe,Female,S9425336C,24,362011,69782493
767,Abbe Kubasek,Male,S5709010F,61,354966,67602904
768,Aloysius Tudball,Male,S8253320Q,36,138263,60786502
769,Court Hambly,Male,S8185782X,37,320171,62988566
770,Karyl Bountiff,Female,S1754041L,101,049411,63004439
771,Adolphus Westgarth,Male,S8447587X,34,457382,69603821
772,Annalee Hamel,Female,S9313340Q,25,486080,69172061
773,Jacinthe Doucette,Female,S9733251C,21,357656,60739352
774,Fifi Kinge,Female,S1433674P,104,436261,63621062
775,Daryn Piatti,Female,S1155701T,107,411956,68930780
776,Maura MacShane,Female,S2627331X,92,669579,67911526
777,Katine Keighly,Female,S1466195F,104,167505,65217242
778,Rayner Simeoli,Male,S9301722L,25,648884,62301179
779,Rutledge Waud,Male,S7917587D,39,419671,69734847
780,Kerrill Goodyear,Female,S9628658F,22,041197,68267554
781,Erin Abbatucci,Male,S6874886C,50,359659,63982101
782,Kelsey Jackalin,Female,S6942088P,49,332096,63653347
783,Toiboid Bellow,Male,S3359224N,85,077745,62253433
784,Maren Dominguez,Female,S1259497D,106,084311,69367850
785,Erny Lidgerton,Male,S7516837T,43,161052,63514821
786,Jorge Fortescue,Male,S3174260I,87,544703,60364086
787,Brucie Caccavari,Male,S2336413O,95,147085,62616427
788,Briggs Chaffer,Male,S6087777B,58,443925,62942723
789,Blondy Balden,Female,S7520639A,43,223600,68930582
790,Tersina Yakunin,Female,S7739540U,41,383775,63614893
791,Joni Donnison,Female,S5161810Q,67,379410,63088610
792,Merna Louys,Female,S7290784R,46,541943,62760204
793,Araldo Shilliday,Male,S8284427Y,36,034311,67894404
794,Hyacinthia MacGilpatrick,Female,S4367055E,75,185226,62136737
795,Gregg Mallatratt,Male,S3153347T,87,579727,68364600
796,Hendrik Weblin,Male,S2401172K,94,115361,65372408
797,Stinky Franchi,Male,S8853346E,30,481201,64140431
798,Fifi Lomb,Female,S1068623A,108,574045,69185643
799,Hilda Bostock,Female,S6626104I,52,373703,61469066
800,Darrell Jenkerson,Male,S5727140L,61,442079,69519803
801,Aggi Izakov,Female,S9299242M,26,548483,66259122
802,Zaccaria Chittock,Male,S4369245O,75,341124,63752166
803,Cos Dabel,Male,S8754540Z,31,017767,65013417
804,Darby O'Farrell,Male,S3470107P,84,366137,69546860
805,Vasili Stivens,Male,S2330932N,95,026630,62029748
806,Chase Biner,Male,S7296890S,46,566857,63704839
807,Tedman Trillo,Male,S7475491V,44,252082,65043424
808,Somerset Barkess,Male,S9812663Z,20,311820,64188868
809,Fanchette Minihane,Female,S5715879M,61,384352,69994071
810,Marchelle Wearn,Female,S3092897U,88,303747,68556573
811,Hewie McKimmey,Male,S4284895K,76,378261,64712040
812,Drusy Corington,Female,S8040875S,38,359948,63321801
813,Dino Zanardii,Male,S5769421X,61,475535,66384249
814,Llewellyn Truett,Male,S9487437M,24,152323,69532450
815,Sig Ibbeson,Male,S1989499Z,99,393693,69860796
816,Binni Guerry,Female,S7562096Z,43,265526,61722678
817,Kirsteni Carslaw,Female,S1025871I,108,555614,60256104
818,Gloriane Crisall,Female,S4931446Z,69,102025,66565639
819,Odelia Reany,Female,S9692936X,22,249299,64558227
820,Algernon McPhate,Male,S2637542J,92,130954,69818900
821,Vinnie Topaz,Male,S3749218W,81,347476,67327210
822,Freeland Breward,Male,S2020261I,98,701676,65200994
823,Meridel Giacobazzi,Female,S8322592O,35,205068,68281790
824,Lou MacGorrie,Male,S8317441X,35,258707,65391964
825,Dael O'Sullivan,Female,S3584724I,83,418499,61650517
826,Joella Branchflower,Female,S6837313M,50,628083,61700048
827,Erasmus Carnilian,Male,S1142277Y,107,251358,61009283
828,Dotty Kornyakov,Female,S4337591T,75,450568,63494796
829,Nikaniki Seignior,Female,S3920438V,79,425931,61559173
830,Starlene Robbe,Female,S6152413U,57,107075,67637028
831,Berkeley Zeplin,Male,S3866392S,80,184432,62444760
832,Vaclav Lambell,Male,S1130596S,107,252168,68108359
833,Konstantine Brandolini,Male,S9841011O,20,219069,68226581
834,Lorens Udell,Male,S6401335Q,54,372949,67597518
835,Blinni Reveland,Female,S1799611Z,101,513048,62401086
836,Lu Elms,Female,S7352319X,45,518629,63730379
837,Florencia Janic,Female,S7952618R,39,691811,69306816
838,Ali Bogies,Male,S8115510U,37,015926,69915169
839,Lonny Lodder,Male,S4730137I,71,433784,65576192
840,Dona Wethers,Female,S6865639H,50,056059,67188026
841,Izaak Wellstood,Male,S9039260E,28,044531,68583229
842,Addy Baggett,Male,S6552190D,53,257830,65743315
843,Morty Demare,Male,S3641772X,82,107420,60544571
844,Garry Golsworthy,Male,S2853894X,90,276709,63183756
845,Isa Giovannilli,Male,S8971130L,29,546043,62637068
846,Ettore Huster,Male,S9937447B,19,542466,64960306
847,Wynnie Stickles,Female,S8051572K,38,533036,68663399
848,Farlay Goodbarr,Male,S7300264H,45,016184,66692240
849,Mandel Uzielli,Male,S3171644V,87,561599,69336709
850,Gregor Sallows,Male,S3877006D,80,335975,60244147
851,Sonny Thrussell,Female,S4122501T,77,714735,64890362
852,Shel Siggs,Female,S4697489O,72,469013,65013965
853,Gaspar Serrels,Male,S2894462R,90,317759,65472054
854,Davon Triswell,Male,S9888909V,20,129301,68368361
855,Melvin Shalloo,Male,S5922694D,59,725102,67207930
856,Vinita Seldon,Female,S1268082O,106,291246,67947313
857,Adlai Nottingham,Male,S2206032T,96,270523,62739281
858,Karissa Sprakes,Female,S3218447F,86,171817,60531635
859,Brannon Northey,Male,S9708381S,21,641930,62604833
860,Elisabet D'Antuoni,Female,S2766949Q,91,724785,63609021
861,Susanne Hilley,Female,S6165791N,57,344909,61887869
862,Grantham Tamblingson,Male,S6608600Z,52,596824,68112053
863,Marjy Djakovic,Female,S3750576F,81,270190,65341601
864,Odele Fallen,Female,S5856214W,60,279674,65359220
865,Muhammad Dorken,Male,S8435454O,34,408832,68076594
866,Bonnee Blackadder,Female,S9166096L,27,666401,61996469
867,Demetri Marielle,Male,S3938174J,79,517216,61366581
868,Jo-ann Fossord,Female,S4819537Z,70,645274,62551276
869,Berti Sallan,Male,S3979521Q,79,589425,62309359
870,Nikolaos Kovalski,Male,S2277206P,96,037031,64176864
871,Cecilio Valler,Male,S5011545B,68,461780,63629802
872,Pen Bullimore,Male,S1677262T,102,589702,66354744
873,Cindi MacElroy,Female,S5063914P,68,517945,60069439
874,Dorree Piche,Female,S2506551R,93,435937,68306495
875,Tadio Klaaasen,Male,S2265328E,96,135185,63580679
876,Ethelyn Cloonan,Female,S2731758V,91,391419,67013362
877,Hyacintha Douglass,Female,S6214556N,56,393827,65436813
878,Claudette Papis,Female,S4985989Q,69,642148,65498399
879,Chloe Walshaw,Female,S2925972L,89,357441,63535769
880,Issiah Custy,Male,S6861104M,50,257433,64250571
881,Dorothy Leades,Female,S1855213Q,100,662686,69908349
882,Ulysses Franciotti,Male,S8062360C,38,469745,61308782
883,Ashlen Trimnell,Female,S8754905J,31,041213,65244978
884,Sherlocke Morforth,Male,S2716385D,91,073756,65501696
885,Stephani Russe,Female,S4923205E,69,313034,66084589
886,Lanna Emmitt,Female,S3773429W,81,547426,68748471
887,Monroe Sneath,Male,S3597140A,83,698048,65819993
888,Skipper Rotherham,Male,S4154278H,77,107586,66612192
889,Morena Rudgerd,Female,S3809072M,80,553337,66046658
890,Brittan Graeser,Female,S6721992I,51,725454,62068255
891,Jordanna Zupone,Female,S6669542G,52,016917,68175270
892,Marchelle Cristoferi,Female,S9376523G,25,549528,62266848
893,Pippy Gerriets,Female,S4246327H,76,662319,69428084
894,Letty Wastell,Female,S8274053F,36,581969,67561741
895,Alfons Stormont,Male,S7285923Q,46,558429,61250186
896,Kennith Foffano,Male,S3201012B,86,639670,61149264
897,Courtnay Danher,Female,S9661585G,22,524970,60790822
898,Robbert Karpmann,Male,S9281472A,26,287457,67427727
899,Curtis Legerton,Male,S3082706L,88,711549,63678219
900,Shurwood Golder,Male,S2083819V,98,483567,63641648
901,Cyrille Ridgeway,Male,S8468749O,34,349422,66262815
902,Constantine Cuttin,Female,S3926349Q,79,083670,62084063
903,Piggy Pulver,Male,S4969038O,69,654440,66823129
904,Philippine Wolpert,Female,S4903525U,69,694563,67435198
905,Valentijn Hunn,Male,S5735549I,61,139018,69695027
906,Shannon Chart,Female,S1865397Q,100,514061,60567684
907,Lisa Dorgon,Female,S3233842F,86,656325,62950084
908,Marsh Jepensen,Male,S8413552R,34,617283,62832765
909,Cleavland Drinkhill,Male,S7606271E,42,316192,63535925
910,Lyssa Hulburt,Female,S4611311L,72,193488,62939706
911,Ofella Wisby,Female,S9487777U,24,157203,60646362
912,Netti Anthona,Female,S5794943X,61,488496,67868648
913,Hurley Danovich,Male,S5982945W,59,029323,66117248
914,Minerva Bratty,Female,S4483508N,74,520002,61635553
915,Arni Bosman,Male,S4608625H,72,474252,65330436
916,Felice Rothermel,Female,S2189890C,97,128763,69013262
917,Tommy Raggitt,Female,S1554621R,103,434550,65429240
918,Fairlie Rishman,Male,S3662395P,82,218777,62324351
919,Eugenius Clementi,Male,S8663634D,32,010438,62420063
920,Erskine Saffe,Male,S5383555T,65,705706,69393421
921,Cherise Volkers,Female,S6592616M,53,384552,63000588
922,Harlan Gianullo,Male,S3882540S,80,575781,64145521
923,Dorothee Fincke,Female,S8876868K,30,679923,60355020
924,Noah McAdam,Male,S6902089R,49,679549,69616814
925,Antonietta Tregian,Female,S3560315H,83,575800,68015776
926,Gamaliel Di Lucia,Male,S2301006U,95,571556,63647588
927,Genia Fenby,Female,S8880066M,30,118877,65730403
928,Ax Hancock,Male,S8424321Z,34,226535,62410844
929,Elinor Denisovo,Female,S6190626J,57,531852,64854477
930,Gavan Badwick,Male,S4553724F,73,202641,60503786
931,Maximo Paur,Male,S8090782R,38,663117,67917810
932,Tito Boston,Male,S7118797W,47,445020,64460101
933,Mason Alejandre,Male,S6432032N,54,487788,66020008
934,Ondrea Tweedell,Female,S5604488O,62,085239,68787949
935,Tammi Scrogges,Female,S4949643A,69,014754,61520118
936,Tate Crankhorn,Male,S9458097Q,24,348225,69183212
937,Neale Coughan,Male,S5346938A,65,163934,65466819
938,Michaelina Tersay,Female,S6975096Q,49,551811,63128566
939,Vivian Spilsbury,Female,S5813103X,60,250614,60779430
940,Grenville Andriolli,Male,S8564662A,33,512520,64083370
941,Frasier Churches,Male,S7599653J,43,727755,62767315
942,Bram Richarson,Male,S2534486B,93,616794,61648530
943,Bertrand Trimming,Male,S7231408O,46,059266,64793511
944,Charmian Birtle,Female,S4104840M,77,440985,60596905
945,Andriette Paliser,Female,S3868334Y,80,637875,67691697
946,Agace Ibbotson,Female,S5261432W,66,109694,61356040
947,Minda Pindar,Female,S8908902H,29,217822,60231030
948,Debbie Custy,Female,S5207790B,66,236463,63533886
949,Chen Corlett,Male,S8077513T,38,417548,69832847
950,Hobart Merryweather,Male,S2394435E,95,251322,68503318
951,Ephrem Crop,Male,S5248889C,66,571593,61850762
952,Jodi Dyzart,Female,S4996796E,69,624755,61323842
953,Halli Coales,Female,S5269386J,66,647358,60602055
954,Ekaterina Jeary,Female,S8046870W,38,309564,65626437
955,Kathi Jurca,Female,S4599923A,73,096757,68105376
956,Daile McGrah,Female,S6655947K,52,181633,62818413
957,Debora Pechet,Female,S8422101K,34,641320,68262633
958,Natalya Casemore,Female,S7659903O,42,710417,61750791
959,Gerrie Bachelor,Male,S4780242P,71,390028,67120153
960,Gerianne Deave,Female,S3516266I,83,356105,65635650
961,Mavis Kachel,Female,S8327207N,35,536439,69852784
962,Katrine Barrett,Female,S4759733S,71,149888,67201993
963,Kassia Keemer,Female,S9778032F,21,379225,64083072
964,Maureen Casassa,Female,S9084966W,28,300960,62062209
965,Deanne Leverson,Female,S4731299N,71,236660,63203285
966,Emelina Cominotti,Female,S3877527W,80,476952,64055485
967,Jessamine Croasdale,Female,S6941030I,49,260584,68844114
968,Marilee Tutton,Female,S5666569K,62,476242,69827485
969,Gordy Stampfer,Male,S8897061R,30,615621,67116900
970,Jessee Ferrone,Male,S3486179Q,84,143333,68003124
971,Lurlene Clay,Female,S6998592G,49,527608,69461836
972,Bessie Ingon,Female,S3223873S,86,214555,64527922
973,Lenka Riquet,Female,S9712800N,21,049729,62709235
974,Ebony Killshaw,Female,S3668446N,82,012532,67650401
975,Melanie Leifer,Female,S2356252O,95,482337,69897011
976,Vachel Munro,Male,S8926101S,29,628388,63515685
977,Benton Pecha,Male,S4669645E,72,634469,63527358
978,Hattie Wooding,Female,S2913125R,89,517199,63438198
979,Charlotta Heindle,Female,S7449357N,44,368548,64447441
980,Ruthe Scamp,Female,S8831513H,30,090297,64874363
981,Adena Melhuish,Female,S6407196H,54,441819,69941397
982,Germain Vannuccinii,Male,S6248166I,56,585660,61455847
983,Nicola Routham,Male,S3294588W,86,138256,69264461
984,Ulrich Carloni,Male,S9353433F,25,054993,67494215
985,Alexei Eneas,Male,S6482260H,54,153664,64935196
986,Hailey Vine,Male,S8189832J,37,431923,63872744
987,Kiele Shillom,Female,S9182289L,27,071829,66412732
988,Benedetta Shoesmith,Female,S4736511T,71,077015,63938902
989,Winny Burnhill,Male,S4285272T,76,690231,64793089
